language,ISO_code,thisN,thisTrialN,thisRepN,mouse_test.x,mouse_test.y,mouse_test.leftButton,mouse_test.midButton,mouse_test.rightButton,mouse_test.time,mouse_test.corr,mouse_test.clicked_name,inst_pics,image_w,image_h,image_x,image_y,text_x,text_y,video,inst_msg_EN,inst_msg_ES,inst_msg_FR,inst_msg_DE,difficulty_index,setup_resp.keys,setup_resp.rt,setup_resp.duration,mouse.x,mouse.y,mouse.leftButton,mouse.midButton,mouse.rightButton,mouse.time,mouse.corr,mouse.clicked_name,space_resp.keys,space_resp.rt,space_resp.duration,key_resp.keys,adv_fb_resp.keys,adv_fb_resp.rt,adv_fb_resp.duration,language_loop.thisRepN,language_loop.thisTrialN,language_loop.thisN,language_loop.thisIndex,test_loop.thisRepN,test_loop.thisTrialN,test_loop.thisN,test_loop.thisIndex,blocks_loop.thisRepN,blocks_loop.thisTrialN,blocks_loop.thisN,blocks_loop.thisIndex,comp_check_loop.thisRepN,comp_check_loop.thisTrialN,comp_check_loop.thisN,comp_check_loop.thisIndex,instructions_loop.thisRepN,instructions_loop.thisTrialN,instructions_loop.thisN,instructions_loop.thisIndex,trials_loop.thisRepN,trials_loop.thisTrialN,trials_loop.thisN,trials_loop.thisIndex,thisRow.t,notes,target_diameters,counterbalance.group,counterbalance.remaining,language_code,stylus_text.started,introduction.started,intro_text1.started,stylus_image.started,intro_text2.started,intro_adv_resp.started,introduction.stopped,intro_adv_resp.keys,intro_adv_resp.rt,intro_adv_resp.duration,test_screen.started,test_text.started,circle_test.started,mouse_test.started,test_screen.stopped,test_loop.mouse_test.x,test_loop.mouse_test.y,test_loop.mouse_test.leftButton,test_loop.mouse_test.midButton,test_loop.mouse_test.rightButton,test_loop.mouse_test.time,test_loop.mouse_test.corr,test_loop.mouse_test.clicked_name,fb_test.started,test_screen_fb_text.started,fb_test.stopped,start_block.started,block_n_text.started,start_block_text.started,start_block.stopped,animation_video.started,animation_video.stopped,comp_check.started,comp_check_text.started,buttonA.started,textboxA.started,buttonB.started,textboxB.started,buttonC.started,textboxC.started,buttonD.started,textboxD.started,buttonE.started,textboxE.started,buttonF.started,textboxF.started,submit_button.started,comp_check.stopped,comp_check_loop.buttonA.numClicks,comp_check_loop.buttonA.timesOn,comp_check_loop.buttonA.timesOff,comp_check_loop.buttonB.numClicks,comp_check_loop.buttonB.timesOn,comp_check_loop.buttonB.timesOff,comp_check_loop.buttonC.numClicks,comp_check_loop.buttonC.timesOn,comp_check_loop.buttonC.timesOff,comp_check_loop.buttonD.numClicks,comp_check_loop.buttonD.timesOn,comp_check_loop.buttonD.timesOff,comp_check_loop.buttonE.numClicks,comp_check_loop.buttonE.timesOn,comp_check_loop.buttonE.timesOff,comp_check_loop.buttonF.numClicks,comp_check_loop.buttonF.timesOn,comp_check_loop.buttonF.timesOff,comp_check_loop.submit_button.numClicks,comp_check_loop.submit_button.timesOn,comp_check_loop.submit_button.timesOff,check_fb.started,corr_incorr_fb.started,check_fb_text.started,check_fb.stopped,reminder.started,reminder_title.started,reminder_text.started,reminder.stopped,setup.started,press_space_text.started,start_flag.started,flag_image.started,setup_resp.started,setup.stopped,trials_loop.setup_resp.keys,trials_loop.setup_resp.rt,trials_loop.setup_resp.duration,countdown.started,start_count.started,target_1_count.started,target_2_count.started,target_3_count.started,target_4_count.started,target_5_count.started,rect_countdown.started,countdown_3.started,countdown_2.started,countdown_3.stopped,countdown_1.started,countdown_2.stopped,countdown.stopped,trial.started,start.started,target_1.started,target_2.started,target_3.started,target_4.started,target_5.started,mouse.started,cursor.started,space_resp.started,key_resp.started,trial.stopped,error_distances,tap_duration,space_duration,move_durations,mean_tap_space_diff,n_taps,n_spaces,trials_loop.mouse.x,trials_loop.mouse.y,trials_loop.mouse.leftButton,trials_loop.mouse.midButton,trials_loop.mouse.rightButton,trials_loop.mouse.time,trials_loop.mouse.corr,trials_loop.mouse.clicked_name,trials_loop.space_resp.keys,trials_loop.space_resp.rt,trials_loop.space_resp.duration,trials_loop.key_resp.keys,blank.started,blank.stopped,fb.started,trial_text.started,fb_text_time.started,fb_text_taps.started,adv_fb_resp.started,fb.stopped,trials_loop.adv_fb_resp.keys,trials_loop.adv_fb_resp.rt,trials_loop.adv_fb_resp.duration,countdown_1.stopped,participant,session,language,handedness,date,expName,expVersion,psychopyVersion,frameRate,expStart,order,
German,,,,,,,,,,,,,,,,,,,,,,,,,,,,,,,,,,,,,,,,,,,,,,,,,,,,,,,,,,,,,,,,,,,,,,"[0.01176, 0.02353, 0.05, 0.1, 0.20588]",1,0,,,,,,,,,,,,,,,,,,,,,,,,,,,,,,,,,,,,,,,,,,,,,,,,,,,,,,,,,,,,,,,,,,,,,,,,,,,,,,,,,,,,,,,,,,,,,,,,,,,,,,,,,,,,,,,,,,,,,,,,,,,,,,,,,,,,,,,,,,,,,,,,,01,001,German,Left,2026-09-07_16h41.11.939,CRFT,,2025.1.1,59.91873821277205,2026-09-07 16h41.25.749347 +0200,,
German,,,,,,,,,,,,,,,,,,,,,,,,,,,,,,,,,,,,,,,,,,,,,,,,,,,,,,,,,,,,,,,,,,,,,,,,,,,,,,,,,,,,,,,,,,,,,,,,,,,,,,,,,,,,,,,,,,,,,,,,,,,,,,,,,,,,,,,,,,,,,,,,,,,,,,,,,,,,,,,,,,,,,,,,,,,,,,,,,,,,,,,,,,,,,,,,,,,,,,,,,,,,,,,,,,,,,,,,,01,001,German,Left,2026-09-07_16h41.11.939,CRFT,,2025.1.1,59.91873821277205,2026-09-07 16h41.25.749347 +0200,1,
German,DE,3,3,0,,,,,,,,,,,,,,,,,,,,,,,,,,,,,,,,,,,,,,,,0,3,3,3,,,,,,,,,,,,,,,,,,,,,0.15083810000214726,,,,,DE,0.15083810000214726,,,,,,,,,,,,,,,,,,,,,,,,,,,,,,,,,,,,,,,,,,,,,,,,,,,,,,,,,,,,,,,,,,,,,,,,,,,,,,,,,,,,,,,,,,,,,,,,,,,,,,,,,,,,,,,,,,,,,,,,,,,,,,,,,,,,,,,,,,,,,,,01,001,German,Left,2026-09-07_16h41.11.939,CRFT,,2025.1.1,59.91873821277205,2026-09-07 16h41.25.749347 +0200,1,
German,,,,,,,,,,,,,,,,,,,,,,,,,,,,,,,,,,,,,,,,,,,,,,,,,,,,,,,,,,,,,,,,,,,,,,,,,,,8.002869899995858,8.022045999998227,8.022045999998227,8.022045999998227,8.022045999998227,9.571379600005457,space,1.5413679000048432,None,,,,,,,,,,,,,,,,,,,,,,,,,,,,,,,,,,,,,,,,,,,,,,,,,,,,,,,,,,,,,,,,,,,,,,,,,,,,,,,,,,,,,,,,,,,,,,,,,,,,,,,,,,,,,,,,,,,,,,,,,,,,,,,,,,,,,,01,001,German,Left,2026-09-07_16h41.11.939,CRFT,,2025.1.1,59.91873821277205,2026-09-07 16h41.25.749347 +0200,1,
German,,0,0,0,[],[],[],[],[],[],[],[],,,,,,,,,,,,,,,,,,,,,,,,,,,,,,,,,,,,0,0,0,0,,,,,,,,,,,,,,,,,9.60312949999934,,,,,,,,,,,,,,,,9.584091199998511,9.60312949999934,9.60312949999934,0.012697700003627688,12.426764400006505,[],[],[],[],[],[],[],[],,,,,,,,,,,,,,,,,,,,,,,,,,,,,,,,,,,,,,,,,,,,,,,,,,,,,,,,,,,,,,,,,,,,,,,,,,,,,,,,,,,,,,,,,,,,,,,,,,,,,,,,,,,,,,,,,,,,,,,,,01,001,German,Left,2026-09-07_16h41.11.939,CRFT,,2025.1.1,59.91873821277205,2026-09-07 16h41.25.749347 +0200,1,
German,,1,0,1,[],[],[],[],[],[],[],[],,,,,,,,,,,,,,,,,,,,,,,,,,,,,,,,,,,,1,0,1,0,,,,,,,,,,,,,,,,,12.43647330001113,,,,,,,,,,,,,,,,12.428040400001919,12.43647330001113,12.43647330001113,0.0011968999751843512,13.15091399999801,[],[],[],[],[],[],[],[],,,,,,,,,,,,,,,,,,,,,,,,,,,,,,,,,,,,,,,,,,,,,,,,,,,,,,,,,,,,,,,,,,,,,,,,,,,,,,,,,,,,,,,,,,,,,,,,,,,,,,,,,,,,,,,,,,,,,,,,,01,001,German,Left,2026-09-07_16h41.11.939,CRFT,,2025.1.1,59.91873821277205,2026-09-07 16h41.25.749347 +0200,1,
German,,2,0,2,[],[],[],[],[],[],[],[],,,,,,,,,,,,,,,,,,,,,,,,,,,,,,,,,,,,2,0,2,0,,,,,,,,,,,,,,,,,13.16593760001706,,,,,,,,,,,,,,,,13.153189800010296,13.16593760001706,13.16593760001706,0.0021431000204756856,13.800955500017153,[],[],[],[],[],[],[],[],,,,,,,,,,,,,,,,,,,,,,,,,,,,,,,,,,,,,,,,,,,,,,,,,,,,,,,,,,,,,,,,,,,,,,,,,,,,,,,,,,,,,,,,,,,,,,,,,,,,,,,,,,,,,,,,,,,,,,,,,01,001,German,Left,2026-09-07_16h41.11.939,CRFT,,2025.1.1,59.91873821277205,2026-09-07 16h41.25.749347 +0200,1,
German,,3,0,3,[],[],[],[],[],[],[],[],,,,,,,,,,,,,,,,,,,,,,,,,,,,,,,,,,,,3,0,3,0,,,,,,,,,,,,,,,,,13.816051100002369,,,,,,,,,,,,,,,,13.803308600006858,13.816051100002369,13.816051100002369,0.002218999987235293,14.434631700016325,[],[],[],[],[],[],[],[],,,,,,,,,,,,,,,,,,,,,,,,,,,,,,,,,,,,,,,,,,,,,,,,,,,,,,,,,,,,,,,,,,,,,,,,,,,,,,,,,,,,,,,,,,,,,,,,,,,,,,,,,,,,,,,,,,,,,,,,,01,001,German,Left,2026-09-07_16h41.11.939,CRFT,,2025.1.1,59.91873821277205,2026-09-07 16h41.25.749347 +0200,1,
German,,4,0,4,[],[],[],[],[],[],[],[],,,,,,,,,,,,,,,,,,,,,,,,,,,,,,,,,,,,4,0,4,0,,,,,,,,,,,,,,,,,14.449212900013663,,,,,,,,,,,,,,,,14.43783110001823,14.449212900013663,14.449212900013663,0.003028000006452203,15.200536399992416,[],[],[],[],[],[],[],[],,,,,,,,,,,,,,,,,,,,,,,,,,,,,,,,,,,,,,,,,,,,,,,,,,,,,,,,,,,,,,,,,,,,,,,,,,,,,,,,,,,,,,,,,,,,,,,,,,,,,,,,,,,,,,,,,,,,,,,,,01,001,German,Left,2026-09-07_16h41.11.939,CRFT,,2025.1.1,59.91873821277205,2026-09-07 16h41.25.749347 +0200,1,
German,,5,0,5,[],[],[],[],[],[],[],[],,,,,,,,,,,,,,,,,,,,,,,,,,,,,,,,,,,,5,0,5,0,,,,,,,,,,,,,,,,,15.216078400000697,,,,,,,,,,,,,,,,15.202338700008113,15.216078400000697,15.216078400000697,0.00169500001356937,15.83453880000161,[],[],[],[],[],[],[],[],,,,,,,,,,,,,,,,,,,,,,,,,,,,,,,,,,,,,,,,,,,,,,,,,,,,,,,,,,,,,,,,,,,,,,,,,,,,,,,,,,,,,,,,,,,,,,,,,,,,,,,,,,,,,,,,,,,,,,,,,01,001,German,Left,2026-09-07_16h41.11.939,CRFT,,2025.1.1,59.91873821277205,2026-09-07 16h41.25.749347 +0200,1,
German,,6,0,6,[],[],[],[],[],[],[],[],,,,,,,,,,,,,,,,,,,,,,,,,,,,,,,,,,,,6,0,6,0,,,,,,,,,,,,,,,,,15.849153999995906,,,,,,,,,,,,,,,,15.836838999995962,15.849153999995906,15.849153999995906,0.0021704000246245414,17.484028900013072,[],[],[],[],[],[],[],[],,,,,,,,,,,,,,,,,,,,,,,,,,,,,,,,,,,,,,,,,,,,,,,,,,,,,,,,,,,,,,,,,,,,,,,,,,,,,,,,,,,,,,,,,,,,,,,,,,,,,,,,,,,,,,,,,,,,,,,,,01,001,German,Left,2026-09-07_16h41.11.939,CRFT,,2025.1.1,59.91873821277205,2026-09-07 16h41.25.749347 +0200,1,
German,,7,0,7,[],[],[],[],[],[],[],[],,,,,,,,,,,,,,,,,,,,,,,,,,,,,,,,,,,,7,0,7,0,,,,,,,,,,,,,,,,,17.4991580999922,,,,,,,,,,,,,,,,17.48584639999899,17.4991580999922,17.4991580999922,0.0017088000022340566,18.536291600001277,[],[],[],[],[],[],[],[],,,,,,,,,,,,,,,,,,,,,,,,,,,,,,,,,,,,,,,,,,,,,,,,,,,,,,,,,,,,,,,,,,,,,,,,,,,,,,,,,,,,,,,,,,,,,,,,,,,,,,,,,,,,,,,,,,,,,,,,,01,001,German,Left,2026-09-07_16h41.11.939,CRFT,,2025.1.1,59.91873821277205,2026-09-07 16h41.25.749347 +0200,1,
German,,8,0,8,[],[],[],[],[],[],[],[],,,,,,,,,,,,,,,,,,,,,,,,,,,,,,,,,,,,8,0,8,0,,,,,,,,,,,,,,,,,18.551333600014914,,,,,,,,,,,,,,,,18.539190900017275,18.551333600014914,18.551333600014914,0.0027271999861113727,19.10115160001442,[],[],[],[],[],[],[],[],,,,,,,,,,,,,,,,,,,,,,,,,,,,,,,,,,,,,,,,,,,,,,,,,,,,,,,,,,,,,,,,,,,,,,,,,,,,,,,,,,,,,,,,,,,,,,,,,,,,,,,,,,,,,,,,,,,,,,,,,01,001,German,Left,2026-09-07_16h41.11.939,CRFT,,2025.1.1,59.91873821277205,2026-09-07 16h41.25.749347 +0200,1,
German,,9,0,9,[],[],[],[],[],[],[],[],,,,,,,,,,,,,,,,,,,,,,,,,,,,,,,,,,,,9,0,9,0,,,,,,,,,,,,,,,,,19.116130100010196,,,,,,,,,,,,,,,,19.103386300004786,19.116130100010196,19.116130100010196,0.0021041999862063676,19.733915299992077,[],[],[],[],[],[],[],[],,,,,,,,,,,,,,,,,,,,,,,,,,,,,,,,,,,,,,,,,,,,,,,,,,,,,,,,,,,,,,,,,,,,,,,,,,,,,,,,,,,,,,,,,,,,,,,,,,,,,,,,,,,,,,,,,,,,,,,,,01,001,German,Left,2026-09-07_16h41.11.939,CRFT,,2025.1.1,59.91873821277205,2026-09-07 16h41.25.749347 +0200,1,
German,,10,0,10,[],[],[],[],[],[],[],[],,,,,,,,,,,,,,,,,,,,,,,,,,,,,,,,,,,,10,0,10,0,,,,,,,,,,,,,,,,,19.749408000003314,,,,,,,,,,,,,,,,19.735771900013788,19.749408000003314,19.749408000003314,0.0017455000197514892,20.400798000016948,[],[],[],[],[],[],[],[],,,,,,,,,,,,,,,,,,,,,,,,,,,,,,,,,,,,,,,,,,,,,,,,,,,,,,,,,,,,,,,,,,,,,,,,,,,,,,,,,,,,,,,,,,,,,,,,,,,,,,,,,,,,,,,,,,,,,,,,,01,001,German,Left,2026-09-07_16h41.11.939,CRFT,,2025.1.1,59.91873821277205,2026-09-07 16h41.25.749347 +0200,1,
German,,11,0,11,[],[],[],[],[],[],[],[],,,,,,,,,,,,,,,,,,,,,,,,,,,,,,,,,,,,11,0,11,0,,,,,,,,,,,,,,,,,20.41620510001667,,,,,,,,,,,,,,,,20.402661400003126,20.41620510001667,20.41620510001667,0.001748999988194555,21.05393220001133,[],[],[],[],[],[],[],[],,,,,,,,,,,,,,,,,,,,,,,,,,,,,,,,,,,,,,,,,,,,,,,,,,,,,,,,,,,,,,,,,,,,,,,,,,,,,,,,,,,,,,,,,,,,,,,,,,,,,,,,,,,,,,,,,,,,,,,,,01,001,German,Left,2026-09-07_16h41.11.939,CRFT,,2025.1.1,59.91873821277205,2026-09-07 16h41.25.749347 +0200,1,
German,,12,0,12,[],[],[],[],[],[],[],[],,,,,,,,,,,,,,,,,,,,,,,,,,,,,,,,,,,,12,0,12,0,,,,,,,,,,,,,,,,,21.071475700009614,,,,,,,,,,,,,,,,21.05767510001897,21.071475700009614,21.071475700009614,0.0035253000096417964,21.671379900013562,[],[],[],[],[],[],[],[],,,,,,,,,,,,,,,,,,,,,,,,,,,,,,,,,,,,,,,,,,,,,,,,,,,,,,,,,,,,,,,,,,,,,,,,,,,,,,,,,,,,,,,,,,,,,,,,,,,,,,,,,,,,,,,,,,,,,,,,,01,001,German,Left,2026-09-07_16h41.11.939,CRFT,,2025.1.1,59.91873821277205,2026-09-07 16h41.25.749347 +0200,1,
German,,13,0,13,[],[],[],[],[],[],[],[],,,,,,,,,,,,,,,,,,,,,,,,,,,,,,,,,,,,13,0,13,0,,,,,,,,,,,,,,,,,21.687557500001276,,,,,,,,,,,,,,,,21.674583600019105,21.687557500001276,21.687557500001276,0.0030614999996032566,22.204897899995558,[],[],[],[],[],[],[],[],,,,,,,,,,,,,,,,,,,,,,,,,,,,,,,,,,,,,,,,,,,,,,,,,,,,,,,,,,,,,,,,,,,,,,,,,,,,,,,,,,,,,,,,,,,,,,,,,,,,,,,,,,,,,,,,,,,,,,,,,01,001,German,Left,2026-09-07_16h41.11.939,CRFT,,2025.1.1,59.91873821277205,2026-09-07 16h41.25.749347 +0200,1,
German,,14,0,14,[],[],[],[],[],[],[],[],,,,,,,,,,,,,,,,,,,,,,,,,,,,,,,,,,,,14,0,14,0,,,,,,,,,,,,,,,,,22.222324300004402,,,,,,,,,,,,,,,,22.208628299995326,22.222324300004402,22.222324300004402,0.0035112999903503805,23.025581399997463,[],[],[],[],[],[],[],[],,,,,,,,,,,,,,,,,,,,,,,,,,,,,,,,,,,,,,,,,,,,,,,,,,,,,,,,,,,,,,,,,,,,,,,,,,,,,,,,,,,,,,,,,,,,,,,,,,,,,,,,,,,,,,,,,,,,,,,,,01,001,German,Left,2026-09-07_16h41.11.939,CRFT,,2025.1.1,59.91873821277205,2026-09-07 16h41.25.749347 +0200,1,
German,,15,0,15,[],[],[],[],[],[],[],[],,,,,,,,,,,,,,,,,,,,,,,,,,,,,,,,,,,,15,0,15,0,,,,,,,,,,,,,,,,,23.040030700009083,,,,,,,,,,,,,,,,23.028985100012505,23.040030700009083,23.040030700009083,0.003158599982270971,24.169562900002347,[],[],[],[],[],[],[],[],,,,,,,,,,,,,,,,,,,,,,,,,,,,,,,,,,,,,,,,,,,,,,,,,,,,,,,,,,,,,,,,,,,,,,,,,,,,,,,,,,,,,,,,,,,,,,,,,,,,,,,,,,,,,,,,,,,,,,,,,01,001,German,Left,2026-09-07_16h41.11.939,CRFT,,2025.1.1,59.91873821277205,2026-09-07 16h41.25.749347 +0200,1,
German,,16,0,16,[],[],[],[],[],[],[],[],,,,,,,,,,,,,,,,,,,,,,,,,,,,,,,,,,,,16,0,16,0,,,,,,,,,,,,,,,,,24.18438160000369,,,,,,,,,,,,,,,,24.17250879999483,24.18438160000369,24.18438160000369,0.00276169998687692,24.78449809999438,[],[],[],[],[],[],[],[],,,,,,,,,,,,,,,,,,,,,,,,,,,,,,,,,,,,,,,,,,,,,,,,,,,,,,,,,,,,,,,,,,,,,,,,,,,,,,,,,,,,,,,,,,,,,,,,,,,,,,,,,,,,,,,,,,,,,,,,,01,001,German,Left,2026-09-07_16h41.11.939,CRFT,,2025.1.1,59.91873821277205,2026-09-07 16h41.25.749347 +0200,1,
German,,17,0,17,[],[],[],[],[],[],[],[],,,,,,,,,,,,,,,,,,,,,,,,,,,,,,,,,,,,17,0,17,0,,,,,,,,,,,,,,,,,24.799638700002106,,,,,,,,,,,,,,,,24.786774400010472,24.799638700002106,24.799638700002106,0.002131099987309426,25.36780710000312,[],[],[],[],[],[],[],[],,,,,,,,,,,,,,,,,,,,,,,,,,,,,,,,,,,,,,,,,,,,,,,,,,,,,,,,,,,,,,,,,,,,,,,,,,,,,,,,,,,,,,,,,,,,,,,,,,,,,,,,,,,,,,,,,,,,,,,,,01,001,German,Left,2026-09-07_16h41.11.939,CRFT,,2025.1.1,59.91873821277205,2026-09-07 16h41.25.749347 +0200,1,
German,,18,0,18,[],[],[],[],[],[],[],[],,,,,,,,,,,,,,,,,,,,,,,,,,,,,,,,,,,,18,0,18,0,,,,,,,,,,,,,,,,,25.382652000000235,,,,,,,,,,,,,,,,25.369651300017722,25.382652000000235,25.382652000000235,0.001731399999698624,26.286127600003965,[],[],[],[],[],[],[],[],,,,,,,,,,,,,,,,,,,,,,,,,,,,,,,,,,,,,,,,,,,,,,,,,,,,,,,,,,,,,,,,,,,,,,,,,,,,,,,,,,,,,,,,,,,,,,,,,,,,,,,,,,,,,,,,,,,,,,,,,01,001,German,Left,2026-09-07_16h41.11.939,CRFT,,2025.1.1,59.91873821277205,2026-09-07 16h41.25.749347 +0200,1,
German,,19,0,19,[],[],[],[],[],[],[],[],,,,,,,,,,,,,,,,,,,,,,,,,,,,,,,,,,,,19,0,19,0,,,,,,,,,,,,,,,,,26.300882500014268,,,,,,,,,,,,,,,,26.289020099997288,26.300882500014268,26.300882500014268,0.0027221000054851174,26.884700900001917,[],[],[],[],[],[],[],[],,,,,,,,,,,,,,,,,,,,,,,,,,,,,,,,,,,,,,,,,,,,,,,,,,,,,,,,,,,,,,,,,,,,,,,,,,,,,,,,,,,,,,,,,,,,,,,,,,,,,,,,,,,,,,,,,,,,,,,,,01,001,German,Left,2026-09-07_16h41.11.939,CRFT,,2025.1.1,59.91873821277205,2026-09-07 16h41.25.749347 +0200,1,
German,,20,0,20,[],[],[],[],[],[],[],[],,,,,,,,,,,,,,,,,,,,,,,,,,,,,,,,,,,,20,0,20,0,,,,,,,,,,,,,,,,,26.89948419999564,,,,,,,,,,,,,,,,26.88692240000819,26.89948419999564,26.89948419999564,0.0020880000083707273,27.60115649999352,[],[],[],[],[],[],[],[],,,,,,,,,,,,,,,,,,,,,,,,,,,,,,,,,,,,,,,,,,,,,,,,,,,,,,,,,,,,,,,,,,,,,,,,,,,,,,,,,,,,,,,,,,,,,,,,,,,,,,,,,,,,,,,,,,,,,,,,,01,001,German,Left,2026-09-07_16h41.11.939,CRFT,,2025.1.1,59.91873821277205,2026-09-07 16h41.25.749347 +0200,1,
German,,21,0,21,[],[],[],[],[],[],[],[],,,,,,,,,,,,,,,,,,,,,,,,,,,,,,,,,,,,21,0,21,0,,,,,,,,,,,,,,,,,27.615950600011274,,,,,,,,,,,,,,,,27.603824599995278,27.615950600011274,27.615950600011274,0.0025129000132437795,28.200621299998602,[],[],[],[],[],[],[],[],,,,,,,,,,,,,,,,,,,,,,,,,,,,,,,,,,,,,,,,,,,,,,,,,,,,,,,,,,,,,,,,,,,,,,,,,,,,,,,,,,,,,,,,,,,,,,,,,,,,,,,,,,,,,,,,,,,,,,,,,01,001,German,Left,2026-09-07_16h41.11.939,CRFT,,2025.1.1,59.91873821277205,2026-09-07 16h41.25.749347 +0200,1,
German,,22,0,22,[],[],[],[],[],[],[],[],,,,,,,,,,,,,,,,,,,,,,,,,,,,,,,,,,,,22,0,22,0,,,,,,,,,,,,,,,,,28.2164357000147,,,,,,,,,,,,,,,,28.20254890000797,28.2164357000147,28.2164357000147,0.0018192999996244907,28.734720500011463,[],[],[],[],[],[],[],[],,,,,,,,,,,,,,,,,,,,,,,,,,,,,,,,,,,,,,,,,,,,,,,,,,,,,,,,,,,,,,,,,,,,,,,,,,,,,,,,,,,,,,,,,,,,,,,,,,,,,,,,,,,,,,,,,,,,,,,,,01,001,German,Left,2026-09-07_16h41.11.939,CRFT,,2025.1.1,59.91873821277205,2026-09-07 16h41.25.749347 +0200,1,
German,,23,0,23,[],[],[],[],[],[],[],[],,,,,,,,,,,,,,,,,,,,,,,,,,,,,,,,,,,,23,0,23,0,,,,,,,,,,,,,,,,,28.74961290002102,,,,,,,,,,,,,,,,28.736944300006144,28.74961290002102,28.74961290002102,0.0020871000015176833,29.317385900008958,[],[],[],[],[],[],[],[],,,,,,,,,,,,,,,,,,,,,,,,,,,,,,,,,,,,,,,,,,,,,,,,,,,,,,,,,,,,,,,,,,,,,,,,,,,,,,,,,,,,,,,,,,,,,,,,,,,,,,,,,,,,,,,,,,,,,,,,,01,001,German,Left,2026-09-07_16h41.11.939,CRFT,,2025.1.1,59.91873821277205,2026-09-07 16h41.25.749347 +0200,1,
German,,24,0,24,[],[],[],[],[],[],[],[],,,,,,,,,,,,,,,,,,,,,,,,,,,,,,,,,,,,24,0,24,0,,,,,,,,,,,,,,,,,29.332904100010637,,,,,,,,,,,,,,,,29.31922880001366,29.332904100010637,29.332904100010637,0.0017296000150963664,30.1511443000054,[],[],[],[],[],[],[],[],,,,,,,,,,,,,,,,,,,,,,,,,,,,,,,,,,,,,,,,,,,,,,,,,,,,,,,,,,,,,,,,,,,,,,,,,,,,,,,,,,,,,,,,,,,,,,,,,,,,,,,,,,,,,,,,,,,,,,,,,01,001,German,Left,2026-09-07_16h41.11.939,CRFT,,2025.1.1,59.91873821277205,2026-09-07 16h41.25.749347 +0200,1,
German,,25,0,25,[],[],[],[],[],[],[],[],,,,,,,,,,,,,,,,,,,,,,,,,,,,,,,,,,,,25,0,25,0,,,,,,,,,,,,,,,,,30.166162000008626,,,,,,,,,,,,,,,,30.15336450000177,30.166162000008626,30.166162000008626,0.002088200009893626,30.867585900006816,[],[],[],[],[],[],[],[],,,,,,,,,,,,,,,,,,,,,,,,,,,,,,,,,,,,,,,,,,,,,,,,,,,,,,,,,,,,,,,,,,,,,,,,,,,,,,,,,,,,,,,,,,,,,,,,,,,,,,,,,,,,,,,,,,,,,,,,,01,001,German,Left,2026-09-07_16h41.11.939,CRFT,,2025.1.1,59.91873821277205,2026-09-07 16h41.25.749347 +0200,1,
German,,26,0,26,[],[],[],[],[],[],[],[],,,,,,,,,,,,,,,,,,,,,,,,,,,,,,,,,,,,26,0,26,0,,,,,,,,,,,,,,,,,30.8828953000193,,,,,,,,,,,,,,,,30.8694392000034,30.8828953000193,30.8828953000193,0.001743700006045401,31.51968980001402,[],[],[],[],[],[],[],[],,,,,,,,,,,,,,,,,,,,,,,,,,,,,,,,,,,,,,,,,,,,,,,,,,,,,,,,,,,,,,,,,,,,,,,,,,,,,,,,,,,,,,,,,,,,,,,,,,,,,,,,,,,,,,,,,,,,,,,,,01,001,German,Left,2026-09-07_16h41.11.939,CRFT,,2025.1.1,59.91873821277205,2026-09-07 16h41.25.749347 +0200,1,
German,,27,0,27,[],[],[],[],[],[],[],[],,,,,,,,,,,,,,,,,,,,,,,,,,,,,,,,,,,,27,0,27,0,,,,,,,,,,,,,,,,,31.53264489999856,,,,,,,,,,,,,,,,31.52199490001658,31.53264489999856,31.53264489999856,0.0021729999862145633,32.43816710001556,[],[],[],[],[],[],[],[],,,,,,,,,,,,,,,,,,,,,,,,,,,,,,,,,,,,,,,,,,,,,,,,,,,,,,,,,,,,,,,,,,,,,,,,,,,,,,,,,,,,,,,,,,,,,,,,,,,,,,,,,,,,,,,,,,,,,,,,,01,001,German,Left,2026-09-07_16h41.11.939,CRFT,,2025.1.1,59.91873821277205,2026-09-07 16h41.25.749347 +0200,1,
German,,28,0,28,[],[],[],[],[],[],[],[],,,,,,,,,,,,,,,,,,,,,,,,,,,,,,,,,,,,28,0,28,0,,,,,,,,,,,,,,,,,32.453346199996304,,,,,,,,,,,,,,,,32.44114880001871,32.453346199996304,32.453346199996304,0.002812799997627735,33.05106530000921,[],[],[],[],[],[],[],[],,,,,,,,,,,,,,,,,,,,,,,,,,,,,,,,,,,,,,,,,,,,,,,,,,,,,,,,,,,,,,,,,,,,,,,,,,,,,,,,,,,,,,,,,,,,,,,,,,,,,,,,,,,,,,,,,,,,,,,,,01,001,German,Left,2026-09-07_16h41.11.939,CRFT,,2025.1.1,59.91873821277205,2026-09-07 16h41.25.749347 +0200,1,
German,,29,0,29,[],[],[],[],[],[],[],[],,,,,,,,,,,,,,,,,,,,,,,,,,,,,,,,,,,,29,0,29,0,,,,,,,,,,,,,,,,,33.066167800017865,,,,,,,,,,,,,,,,33.05337510001846,33.066167800017865,33.066167800017865,0.0021695000177714974,33.6513818000094,[],[],[],[],[],[],[],[],,,,,,,,,,,,,,,,,,,,,,,,,,,,,,,,,,,,,,,,,,,,,,,,,,,,,,,,,,,,,,,,,,,,,,,,,,,,,,,,,,,,,,,,,,,,,,,,,,,,,,,,,,,,,,,,,,,,,,,,,01,001,German,Left,2026-09-07_16h41.11.939,CRFT,,2025.1.1,59.91873821277205,2026-09-07 16h41.25.749347 +0200,1,
German,,,,,,,,,,,,,,,,,,,,,,,,,,,,,,,,,,,,,,,,,,,,,,,,,,,,,,,,,,,,,,,,,,,,,,,,,,,,,,,,,,,,,,,,,,,,,,,,,33.74194480001461,33.75379770001746,41.556223699997645,,,,,,,,,,,,,,,,,,,,,,,,,,,,,,,,,,,,,,,,,,,,,,,,,,,,,,,,,,,,,,,,,,,,,,,,,,,,,,,,,,,,,,,,,,,,,,,,,,,,,,,,,,,,,,,,,,,,,,01,001,German,Left,2026-09-07_16h41.11.939,CRFT,,2025.1.1,59.91873821277205,2026-09-07 16h41.25.749347 +0200,1,
German,,0,0,0,,,,,,,,,images/placeholder.png,0,0,0,0,0,0,no,"During the task, the hand with which you are tapping in your imagery remains resting calmly on the table, and the index finger of your other hand remains on the space bar.

DO NOT CORRECT your tapping in your imagery: If you missed a circle in your imagery, continue immediately!
Keep your eyes open during imagery.

ALWAYS LIFT the stylus in your imagery! (do not trace the paths on the screen)

Reminder: In your imagery, use the stylus with your PREFERRED hand and do not rest your hand on the screen. Press the space bar with your free hand.","Durante la tarea, la mano con la que toca en su imaginación permanece quieta sobre la mesa, y el dedo índice de la otra mano permanece sobre la barra espaciadora.

NO CORRIJA sus toques en su imaginación: Si no acertó un círculo en su imaginación, continúe de inmediato.
Mantenga los ojos abiertos durante la imaginación.

LEVANTE siempre el lápiz táctil en su imaginación. (no trace las trayectorias en la pantalla)

Recordatorio: En su imaginación, use el lápiz táctil con su mano PREFERIDA y no apoye la mano sobre la pantalla. Presione la barra espaciadora con su mano libre.","Pendant la tâche, la main avec laquelle vous touchez dans votre imagination reste posée calmement sur la table, et l’index de l’autre main reste sur la barre d’espace.

NE CORRIGEZ PAS vos appuis dans votre imagination : Si vous avez manqué un cercle dans votre imagination, continuez immédiatement !
Gardez les yeux ouverts pendant l’imagination.

SOULEVEZ toujours le stylet tactile dans votre imagination ! (ne tracez pas les trajectoires sur l’écran)

Rappel : Dans votre imagination, utilisez le stylet tactile avec votre main PRÉFÉRÉE et ne posez pas votre main sur l’écran. Appuyez sur la barre d’espace avec votre main libre.","Während der Aufgabe bleibt die Hand, mit der Sie in Ihrer Vorstellung tippen, ruhig auf dem Tisch liegen, der Zeigefinger der anderen Hand bleibt an der Leertaste.

KORRIGIEREN Sie Ihr Tippen in Ihrer Vorstellung NICHT: Wenn Sie in Ihrer Vorstellung einen Kreis verfehlt haben, fahren Sie direkt fort!
Halten Sie die Augen während der Vorstellung offen.

SETZEN Sie den Touch-Stift in Ihrer Vorstellung immer AB! (kein Nachzeichnen der Strecken auf dem Bildschirm)

Erinnerung: Benutzen Sie in Ihrer Vorstellung den Touch-Stift mit Ihrer BEVORZUGTEN Hand und stützen Sie sich nicht mit Ihrer Hand auf dem Bildschirm ab. Drücken Sie die Leertaste mit Ihrer freien Hand.",1,space,0.5784756000211928,None,[],[],[],[],[],[],[],[],"['space', 'space', 'space', 'space', 'space', 'space', 'space', 'space', 'space', 'space', 'space']","[1.0841625000175554, 1.6118072000099346, 2.1880674000130966, 2.707490000000689, 3.30005830002483, 3.931508500012569, 4.611800100014079, 5.619634700007737, 6.100165300013032, 6.579771200020332, 7.332164100022055]","[0.11936429998604581, 0.08844399999361485, 0.08828160000848584, 0.08859500000835396, 0.10344249999616295, 0.1043643000011798, 0.10401889999047853, 0.11339840001892298, 0.11177429999224842, 0.10441030000220053, None]",None,space,1.1283235999871977,None,,,,,,,,,0,0,0,0,2,0,2,0,0,4,4,4,0,0,0,1,214.41460570000345,,"[0.03, 0.06, 0.09, 0.12, 0.15]",,,,,,,,,,,,,,,,,,,,,,,,,,,,,,41.61487419999321,41.62536950001959,41.62536950001959,44.92267520001042,134.51399180002045,146.88561930001015,194.75593539999682,194.79004630001145,194.79004630001145,194.79004630001145,194.79004630001145,194.79004630001145,194.79004630001145,194.79004630001145,194.79004630001145,194.79004630001145,194.79004630001145,194.79004630001145,194.79004630001145,194.79004630001145,194.79004630001145,209.08815749999485,0,,,0,,,0,,,0,,,0,,,0,,,1,[14.297401799994987],[14.29741249998915],209.10979380001663,209.11934689999907,209.11934689999907,211.876912000007,211.97218159999466,211.98334390000673,211.98334390000673,214.3704393999942,214.40450710000005,214.41460570000345,214.41460570000345,214.41460570000345,214.41460570000345,215.0032043000101,space,0.5784756000211928,None,215.00689960000454,215.04528910000226,215.04528910000226,215.04528910000226,215.04528910000226,215.04528910000226,215.04528910000226,215.04528910000226,215.04528910000226,216.0347008999961,216.06626710001728,217.03380299999844,217.06250250001904,218.00760909999372,218.01005370001076,218.03658400001586,218.03658400001586,218.03658400001586,218.03658400001586,218.03658400001586,218.03658400001586,0.002462699980242178,218.03658400001586,0.002462699980242178,218.03658400001586,225.40251280000666,[],nan,6.248,"[0.5276446999923792, 0.5194225999875925, 0.6314501999877393, 1.0078345999936573, 0.4796059000073001]",nan,0,11,[],[],[],[],[],[],[],[],"['space', 'space', 'space', 'space', 'space', 'space', 'space', 'space', 'space', 'space', 'space']","[1.0841625000175554, 1.6118072000099346, 2.1880674000130966, 2.707490000000689, 3.30005830002483, 3.931508500012569, 4.611800100014079, 5.619634700007737, 6.100165300013032, 6.579771200020332, 7.332164100022055]","[0.11936429998604581, 0.08844399999361485, 0.08828160000848584, 0.08859500000835396, 0.10344249999616295, 0.1043643000011798, 0.10401889999047853, 0.11339840001892298, 0.11177429999224842, 0.10441030000220053, None]",None,225.4028607000073,225.40320359999896,225.5626717999985,226.4229755999986,226.4229755999986,226.4229755999986,226.90448950001155,228.0417723999999,space,1.1283235999871977,None,,01,001,German,Left,2026-09-07_16h41.11.939,CRFT,,2025.1.1,59.91873821277205,2026-09-07 16h41.25.749347 +0200,1,
German,,1,1,0,,,,,,,,,,,,,,,,,,,,,0,space,0.6274697999760974,None,[],[],[],[],[],[],[],[],"['space', 'space', 'space', 'space', 'space', 'space', 'space', 'space', 'space', 'space', 'space']","[1.154224099998828, 1.785771199996816, 2.4422793999838177, 3.1303641999838874, 3.793718999979319, 4.7314526999834925, 5.465784400003031, 6.441801299981307, 7.22586139998748, 7.9701086999848485, 8.48202389999642]","[0.10364600000320934, 0.10407089997897856, 0.08792940000421368, 0.10401780001120642, 0.08841700002085418, 0.10287390000303276, 0.12835789998644032, 0.12098010000772774, 0.09601249999832362, 0.1374016999907326, None]",None,space,0.01174609997542575,None,,,,,,,,,0,0,0,0,,,,,,,,,0,1,1,0,228.05441880002036,,"[0.03, 0.06, 0.09, 0.12, 0.15]",,,,,,,,,,,,,,,,,,,,,,,,,,,,,,,,,,,,,,,,,,,,,,,,,,,,,,,,,,,,,,,,,,,,,,,,,,,,,,,,,228.0427054000029,228.05441880002036,228.05441880002036,228.05441880002036,228.05441880002036,228.69098730001133,space,0.6274697999760974,None,228.69402840000112,228.73291120000067,228.73291120000067,228.73291120000067,228.73291120000067,228.73291120000067,228.73291120000067,228.73291120000067,228.73291120000067,229.72248660001787,229.75024120000307,230.72166549999383,230.75065470000845,231.67957320000278,231.68119780000416,231.7022530999966,231.7022530999966,231.7022530999966,231.7022530999966,231.7022530999966,231.7022530999966,0.0016331000078935176,231.7022530999966,0.0016331000078935176,231.7022530999966,240.21516849999898,[],nan,7.328,"[0.631547099997988, 0.6880848000000697, 0.9377337000041734, 0.9760168999782763, 0.7442472999973688]",nan,0,11,[],[],[],[],[],[],[],[],"['space', 'space', 'space', 'space', 'space', 'space', 'space', 'space', 'space', 'space', 'space']","[1.154224099998828, 1.785771199996816, 2.4422793999838177, 3.1303641999838874, 3.793718999979319, 4.7314526999834925, 5.465784400003031, 6.441801299981307, 7.22586139998748, 7.9701086999848485, 8.48202389999642]","[0.10364600000320934, 0.10407089997897856, 0.08792940000421368, 0.10401780001120642, 0.08841700002085418, 0.10287390000303276, 0.12835789998644032, 0.12098010000772774, 0.09601249999832362, 0.1374016999907326, None]",None,240.21555150000495,240.21591400000034,240.24304550001398,241.2389902000141,241.2389902000141,241.2389902000141,241.72484760000953,241.74290370001108,space,0.01174609997542575,None,,01,001,German,Left,2026-09-07_16h41.11.939,CRFT,,2025.1.1,59.91873821277205,2026-09-07 16h41.25.749347 +0200,1,
German,,2,2,0,,,,,,,,,,,,,,,,,,,,,2,space,0.5470078999933321,None,[],[],[],[],[],[],[],[],"['space', 'space', 'space', 'space', 'space', 'space', 'space', 'space', 'space', 'space', 'space']","[0.45747449999907985, 0.9621497999760322, 1.4736994999984745, 1.9861277999880258, 2.5054408999858424, 3.0817064000002574, 3.6895831000001635, 4.425843899982283, 4.985992899979465, 5.449768699996639, 6.0411175999906845]","[0.12053909999667667, 0.07933390000835061, 0.07172730000456795, 0.10350040000048466, 0.12037960000452586, 0.12004569999407977, 0.09601939999265596, 0.11993340001208708, 0.09633349999785423, 0.13649649999570101, None]",None,space,1.1640988000144716,None,,,,,,,,,0,0,0,0,,,,,,,,,0,2,2,2,241.75794760001008,,"[0.03, 0.06, 0.09, 0.12, 0.15]",,,,,,,,,,,,,,,,,,,,,,,,,,,,,,,,,,,,,,,,,,,,,,,,,,,,,,,,,,,,,,,,,,,,,,,,,,,,,,,,,241.74401779999607,241.75794760001008,241.75794760001008,241.75794760001008,241.75794760001008,242.31214200000977,space,0.5470078999933321,None,242.31577440002002,242.35258930001874,242.35258930001874,242.35258930001874,242.35258930001874,242.35258930001874,242.35258930001874,242.35258930001874,242.35258930001874,243.33673090001685,243.36822410000605,244.35349010000937,244.35349010000937,245.3125263999973,245.31567500001984,245.34288310000557,245.34288310000557,245.34288310000557,245.34288310000557,245.34288310000557,245.34288310000557,0.0031658999796491116,245.34288310000557,0.0031658999796491116,245.34288310000557,251.40116660000058,[],nan,5.584,"[0.5046752999769524, 0.5124282999895513, 0.576265500014415, 0.7362607999821194, 0.46377580001717433]",nan,0,11,[],[],[],[],[],[],[],[],"['space', 'space', 'space', 'space', 'space', 'space', 'space', 'space', 'space', 'space', 'space']","[0.45747449999907985, 0.9621497999760322, 1.4736994999984745, 1.9861277999880258, 2.5054408999858424, 3.0817064000002574, 3.6895831000001635, 4.425843899982283, 4.985992899979465, 5.449768699996639, 6.0411175999906845]","[0.12053909999667667, 0.07933390000835061, 0.07172730000456795, 0.10350040000048466, 0.12037960000452586, 0.12004569999407977, 0.09601939999265596, 0.11993340001208708, 0.09633349999785423, 0.13649649999570101, None]",None,251.40149600000586,251.4018922999967,251.4269212000072,252.42674640001496,252.42674640001496,252.42674640001496,252.90852440000162,254.0806693000195,space,1.1640988000144716,None,,01,001,German,Left,2026-09-07_16h41.11.939,CRFT,,2025.1.1,59.91873821277205,2026-09-07 16h41.25.749347 +0200,1,
German,,3,3,0,,,,,,,,,,,,,,,,,,,,,3,space,0.38119060001918115,None,[],[],[],[],[],[],[],[],"['space', 'space', 'space', 'space', 'space', 'space', 'space', 'space', 'space', 'space', 'space']","[0.36478649999480695, 0.7085574000084307, 1.1403618000040296, 1.6117375000030734, 2.1801806000003126, 2.6284497000160627, 3.1005313000059687, 3.5797896000149194, 4.076026499998989, 4.5321574000117835, 4.900701000005938]","[0.10360840000794269, 0.13670400000410154, 0.10381709999637678, 0.11203160000150092, 0.0878552999929525, 0.13527509997948073, 0.10322679998353124, 0.10529089998453856, 0.07244379998883232, 0.11167579999892041, None]",None,space,0.45033110000076704,None,,,,,,,,,0,0,0,0,,,,,,,,,0,3,3,3,254.0918742000067,,"[0.03, 0.06, 0.09, 0.12, 0.15]",,,,,,,,,,,,,,,,,,,,,,,,,,,,,,,,,,,,,,,,,,,,,,,,,,,,,,,,,,,,,,,,,,,,,,,,,,,,,,,,,254.0813707000052,254.0918742000067,254.0918742000067,254.0918742000067,254.0918742000067,254.47877600000356,space,0.38119060001918115,None,254.48209160001716,254.52249659999507,254.52249659999507,254.52249659999507,254.52249659999507,254.52249659999507,254.52249659999507,254.52249659999507,254.52249659999507,255.51084570001694,255.5364235000161,256.48790390000795,256.5329917000199,257.4887890999962,257.4903684000019,257.50827439999557,257.50827439999557,257.50827439999557,257.50827439999557,257.50827439999557,257.50827439999557,0.001588399987667799,257.50827439999557,0.001588399987667799,257.50827439999557,262.4288458999945,[],nan,4.536,"[0.34377090001362376, 0.4713756999990437, 0.44826910001575015, 0.47925830000895076, 0.4561309000127949]",nan,0,11,[],[],[],[],[],[],[],[],"['space', 'space', 'space', 'space', 'space', 'space', 'space', 'space', 'space', 'space', 'space']","[0.36478649999480695, 0.7085574000084307, 1.1403618000040296, 1.6117375000030734, 2.1801806000003126, 2.6284497000160627, 3.1005313000059687, 3.5797896000149194, 4.076026499998989, 4.5321574000117835, 4.900701000005938]","[0.10360840000794269, 0.13670400000410154, 0.10381709999637678, 0.11203160000150092, 0.0878552999929525, 0.13527509997948073, 0.10322679998353124, 0.10529089998453856, 0.07244379998883232, 0.11167579999892041, None]",None,262.4291621000157,262.42949979999685,262.4542455000046,263.4575846999942,263.4575846999942,263.4575846999942,263.94183399999747,264.40292449999833,space,0.45033110000076704,None,257.50827439999557,01,001,German,Left,2026-09-07_16h41.11.939,CRFT,,2025.1.1,59.91873821277205,2026-09-07 16h41.25.749347 +0200,1,
German,,4,4,0,,,,,,,,,,,,,,,,,,,,,4,space,0.44329369999468327,None,[],[],[],[],[],[],[],[],"['space', 'space', 'space', 'space', 'space', 'space', 'space', 'space', 'space', 'space', 'space']","[0.2876883999851998, 0.5032039000070654, 0.7276727000134997, 0.9431982999958564, 1.143554000009317, 1.3357336999906693, 1.5112869000004139, 1.7192830000130925, 1.903225099988049, 2.095728999993298, 2.272483899985673]","[0.12017060001380742, 0.11279679997824132, 0.10441209998680279, 0.10417939999024384, 0.08791360000032, 0.0883054000150878, 0.11230569999315776, 0.1039423999900464, 0.10426320001715794, 0.08778170001460239, None]",None,space,0.3393711999815423,None,,,,,,,,,0,0,0,0,,,,,,,,,0,4,4,4,264.4128277999989,,"[0.03, 0.06, 0.09, 0.12, 0.15]",,,,,,,,,,,,,,,,,,,,,,,,,,,,,,,,,,,,,,,,,,,,,,,,,,,,,,,,,,,,,,,,,,,,,,,,,,,,,,,,,264.40438960000756,264.4128277999989,264.4128277999989,264.4128277999989,264.4128277999989,264.86082659999374,space,0.44329369999468327,None,264.8625304000161,264.8933748000127,264.8933748000127,264.8933748000127,264.8933748000127,264.8933748000127,264.8933748000127,264.8933748000127,264.8933748000127,265.89570340001956,265.9280876000121,266.8787932000123,266.9102133999986,267.8691059999983,267.871217900014,267.8968481000047,267.8968481000047,267.8968481000047,267.8968481000047,267.8968481000047,267.8968481000047,0.002129800006514415,267.8968481000047,0.002129800006514415,267.8968481000047,270.19601590000093,[],nan,1.985,"[0.2155155000218656, 0.21552559998235665, 0.19217969998135231, 0.20799610001267865, 0.1925039000052493]",nan,0,11,[],[],[],[],[],[],[],[],"['space', 'space', 'space', 'space', 'space', 'space', 'space', 'space', 'space', 'space', 'space']","[0.2876883999851998, 0.5032039000070654, 0.7276727000134997, 0.9431982999958564, 1.143554000009317, 1.3357336999906693, 1.5112869000004139, 1.7192830000130925, 1.903225099988049, 2.095728999993298, 2.272483899985673]","[0.12017060001380742, 0.11279679997824132, 0.10441209998680279, 0.10417939999024384, 0.08791360000032, 0.0883054000150878, 0.11230569999315776, 0.1039423999900464, 0.10426320001715794, 0.08778170001460239, None]",None,270.1963284999947,270.1966237000015,270.2066419000039,271.2243476000149,271.2243476000149,271.2243476000149,271.70889710000483,272.0592039000185,space,0.3393711999815423,None,267.8968481000047,01,001,German,Left,2026-09-07_16h41.11.939,CRFT,,2025.1.1,59.91873821277205,2026-09-07 16h41.25.749347 +0200,1,
German,,0,0,0,,,,,,,,,,,,,,,,,,,,,1,space,1.7758771000080742,None,[],[],[],[],[],[],[],[],"['space', 'space', 'space', 'space', 'space', 'space', 'space', 'space', 'space', 'space', 'space']","[1.0837271999916993, 1.9000172000087332, 2.5631749000167474, 3.3472754000104032, 4.259715499996673, 5.234932099992875, 5.835840100015048, 6.827863799990155, 7.762980200001039, 8.843828000011854, 9.339020499988692]","[0.1201508000085596, 0.11923069998738356, 0.1045307999884244, 0.10386879998259246, 0.10332059999927878, 0.11284860002342612, 0.119564900000114, 0.1278203000256326, 0.13624130000243895, 0.10321469997870736, None]",None,space,0.4947721000062302,None,,,,,,,,,1,0,1,0,,,,,,,,,0,0,0,1,275.537298500014,,"[0.01176, 0.02353, 0.05, 0.1, 0.20588]",,,,,,,,,,,,,,,,,,,,,,,,,,,,,,272.0983696000185,272.1077160999994,272.1077160999994,273.1123882000102,,,,,,,,,,,,,,,,,,,,,,,,,,,,,,,,,,,,,,,,,,,,273.1149013999966,273.12777940000524,273.12777940000524,275.5140900000115,275.52855570000247,275.537298500014,275.537298500014,275.537298500014,275.537298500014,277.3276198999956,space,1.7758771000080742,None,277.3297198000073,277.3637372000085,277.3637372000085,277.3637372000085,277.3637372000085,277.3637372000085,277.3637372000085,277.3637372000085,277.3637372000085,278.34326399999554,278.3979937999975,279.35125599999446,279.3773280000023,280.33685170000535,280.3390994000074,280.36503939999966,280.36503939999966,280.36503939999966,280.36503939999966,280.36503939999966,280.36503939999966,0.002265900024212897,280.36503939999966,0.002265900024212897,280.36503939999966,289.72905749999336,[],nan,8.255,"[0.8162900000170339, 0.7841004999936558, 0.9752165999962017, 0.9920236999751069, 1.0808478000108153]",nan,0,11,[],[],[],[],[],[],[],[],"['space', 'space', 'space', 'space', 'space', 'space', 'space', 'space', 'space', 'space', 'space']","[1.0837271999916993, 1.9000172000087332, 2.5631749000167474, 3.3472754000104032, 4.259715499996673, 5.234932099992875, 5.835840100015048, 6.827863799990155, 7.762980200001039, 8.843828000011854, 9.339020499988692]","[0.1201508000085596, 0.11923069998738356, 0.1045307999884244, 0.10386879998259246, 0.10332059999927878, 0.11284860002342612, 0.119564900000114, 0.1278203000256326, 0.13624130000243895, 0.10321469997870736, None]",None,289.72939079999924,289.729720000003,289.75174400000833,290.7639342000184,290.7639342000184,290.7639342000184,291.24233150001965,291.74893309999607,space,0.4947721000062302,None,,01,001,German,Left,2026-09-07_16h41.11.939,CRFT,,2025.1.1,59.91873821277205,2026-09-07 16h41.25.749347 +0200,1,
German,,1,1,0,,,,,,,,,,,,,,,,,,,,,2,space,2.106503500021063,None,[],[],[],[],[],[],[],[],"['space', 'space', 'space', 'space', 'space', 'space', 'space', 'space', 'space', 'space', 'space']","[7.182598700019298, 7.791505000001052, 8.43110080002225, 9.175010700011626, 9.623435700021219, 10.455451800022274, 10.959230800013756, 11.847397100005765, 12.342909700004384, 13.18269890002557, 15.110758499999065]","[0.12087919999612495, 0.11938160000136122, 0.128475499979686, 0.12006489999475889, 0.11963489998015575, 0.1355510999856051, 0.13567729998612776, 0.11948110000230372, 0.13610329999937676, 0.15210679997107945, None]",None,space,0.62558620001073,None,,,,,,,,,1,0,1,0,,,,,,,,,0,1,1,2,291.7589198000205,,"[0.01176, 0.02353, 0.05, 0.1, 0.20588]",,,,,,,,,,,,,,,,,,,,,,,,,,,,,,,,,,,,,,,,,,,,,,,,,,,,,,,,,,,,,,,,,,,,,,,,,,,,,,,,,291.7498315999983,291.7589198000205,291.7589198000205,291.7589198000205,291.7589198000205,293.8777384000132,space,2.106503500021063,None,293.87950740000815,293.9077524000022,293.9077524000022,293.9077524000022,293.9077524000022,293.9077524000022,293.9077524000022,293.9077524000022,293.9077524000022,294.89368850001483,294.9278849000111,295.89136100001633,295.9201376000128,296.8672656000126,296.8692377000116,296.8894594000012,296.8894594000012,296.8894594000012,296.8894594000012,296.8894594000012,296.8894594000012,0.0019755999965127558,296.8894594000012,0.0019755999965127558,296.8894594000012,312.0432461000164,[0.2960278703095369],nan,7.928,"[0.6089062999817543, 0.7439098999893758, 0.8320161000010557, 0.8881662999920081, 0.8397892000211868]",-2533.0,1,11,[],[],[],[],[],[],[],[],"['space', 'space', 'space', 'space', 'space', 'space', 'space', 'space', 'space', 'space', 'space']","[7.182598700019298, 7.791505000001052, 8.43110080002225, 9.175010700011626, 9.623435700021219, 10.455451800022274, 10.959230800013756, 11.847397100005765, 12.342909700004384, 13.18269890002557, 15.110758499999065]","[0.12087919999612495, 0.11938160000136122, 0.128475499979686, 0.12006489999475889, 0.11963489998015575, 0.1355510999856051, 0.13567729998612776, 0.11948110000230372, 0.13610329999937676, 0.15210679997107945, None]",None,312.0439129000006,312.0443229000084,312.0484687999997,313.07259230001364,313.07259230001364,313.07259230001364,313.559124899999,314.19358310001553,space,0.62558620001073,None,,01,001,German,Left,2026-09-07_16h41.11.939,CRFT,,2025.1.1,59.91873821277205,2026-09-07 16h41.25.749347 +0200,1,
German,,2,2,0,,,,,,,,,,,,,,,,,,,,,4,space,0.462991400010651,None,[],[],[],[],[],[],[],[],"['space', 'space', 'space', 'space', 'space', 'space', 'space', 'space', 'space', 'space', 'space']","[0.42360209999606013, 0.8397306999831926, 1.3192106999922544, 1.6650347999820951, 1.9920465999748558, 2.287546299980022, 2.6391522999911103, 2.8955874999810476, 3.263747799996054, 3.6557907999958843, 4.0791720999986865]","[0.12013549997936934, 0.1199493000167422, 0.10447869999916293, 0.12689939999836497, 0.15136630000779405, 0.1526466000068467, 0.08852809999370947, 0.1200261999911163, 0.15175669998279773, 0.13612199999624863, None]",None,space,0.36347830001614057,None,,,,,,,,,1,0,1,0,,,,,,,,,0,2,2,4,314.2093160999939,,"[0.01176, 0.02353, 0.05, 0.1, 0.20588]",,,,,,,,,,,,,,,,,,,,,,,,,,,,,,,,,,,,,,,,,,,,,,,,,,,,,,,,,,,,,,,,,,,,,,,,,,,,,,,,,314.1945049999922,314.2093160999939,314.2093160999939,314.2093160999939,314.2093160999939,314.67756380001083,space,0.462991400010651,None,314.67899580000085,314.7094837000186,314.7094837000186,314.7094837000186,314.7094837000186,314.7094837000186,314.7094837000186,314.7094837000186,314.7094837000186,315.71918529999675,315.74756400001934,316.6935464999988,316.7607941000024,317.683088699996,317.6845109999995,317.704785000009,317.704785000009,317.704785000009,317.704785000009,317.704785000009,317.704785000009,0.0014313999854493886,317.704785000009,0.0014313999854493886,317.704785000009,321.80301000000327,[],nan,3.656,"[0.4161285999871325, 0.34582409998984076, 0.29549970000516623, 0.25643519998993725, 0.3920429999998305]",nan,0,11,[],[],[],[],[],[],[],[],"['space', 'space', 'space', 'space', 'space', 'space', 'space', 'space', 'space', 'space', 'space']","[0.42360209999606013, 0.8397306999831926, 1.3192106999922544, 1.6650347999820951, 1.9920465999748558, 2.287546299980022, 2.6391522999911103, 2.8955874999810476, 3.263747799996054, 3.6557907999958843, 4.0791720999986865]","[0.12013549997936934, 0.1199493000167422, 0.10447869999916293, 0.12689939999836497, 0.15136630000779405, 0.1526466000068467, 0.08852809999370947, 0.1200261999911163, 0.15175669998279773, 0.13612199999624863, None]",None,321.8033393000078,321.80370140000014,321.80690210001194,322.8237923000124,322.8237923000124,322.8237923000124,323.3093999999983,323.6771385000029,space,0.36347830001614057,None,317.704785000009,01,001,German,Left,2026-09-07_16h41.11.939,CRFT,,2025.1.1,59.91873821277205,2026-09-07 16h41.25.749347 +0200,1,
German,,3,3,0,,,,,,,,,,,,,,,,,,,,,0,space,0.3668701999995392,None,[],[],[],[],[],[],[],[],"['space', 'space', 'space', 'space', 'space', 'space', 'space', 'space', 'space', 'space', 'space']","[0.40871220000553876, 1.1129170999920461, 1.856446899997536, 2.8967674000014085, 3.4646236000116915, 4.488443400012329, 5.073320299998159, 6.161222800001269, 6.641342100017937, 7.728651200013701, 8.136572200019145]","[0.1356489000027068, 0.1359742000058759, 0.0957944999972824, 0.08854540000902489, 0.08829099999275059, 0.11229900000034831, 0.08709909999743104, 0.08701280000968836, 0.0877580999804195, 0.10444559997995384, None]",None,space,0.4642873000120744,None,,,,,,,,,1,0,1,0,,,,,,,,,0,3,3,0,323.6893559000164,,"[0.01176, 0.02353, 0.05, 0.1, 0.20588]",,,,,,,,,,,,,,,,,,,,,,,,,,,,,,,,,,,,,,,,,,,,,,,,,,,,,,,,,,,,,,,,,,,,,,,,,,,,,,,,,323.6787237999961,323.6893559000164,323.6893559000164,323.6893559000164,323.6893559000164,324.0632578000077,space,0.3668701999995392,None,324.06679579999764,324.10415840000496,324.10415840000496,324.10415840000496,324.10415840000496,324.10415840000496,324.10415840000496,324.10415840000496,324.10415840000496,325.0946217000019,325.12830040001427,326.0840811000089,326.1129670999944,327.07359040001757,327.0755255999975,327.095688100002,327.095688100002,327.095688100002,327.095688100002,327.095688100002,327.095688100002,0.0019497000030241907,327.095688100002,0.0019497000030241907,327.095688100002,335.2636913000024,[],nan,7.728,"[0.7042048999865074, 1.0403205000038724, 1.0238198000006378, 1.0879025000031106, 1.087309099995764]",nan,0,11,[],[],[],[],[],[],[],[],"['space', 'space', 'space', 'space', 'space', 'space', 'space', 'space', 'space', 'space', 'space']","[0.40871220000553876, 1.1129170999920461, 1.856446899997536, 2.8967674000014085, 3.4646236000116915, 4.488443400012329, 5.073320299998159, 6.161222800001269, 6.641342100017937, 7.728651200013701, 8.136572200019145]","[0.1356489000027068, 0.1359742000058759, 0.0957944999972824, 0.08854540000902489, 0.08829099999275059, 0.11229900000034831, 0.08709909999743104, 0.08701280000968836, 0.0877580999804195, 0.10444559997995384, None]",None,335.26409219999914,335.26448080001865,335.26847579999594,336.2925872000051,336.2925872000051,336.2925872000051,336.7762511000037,337.31790520000504,space,0.4642873000120744,None,327.095688100002,01,001,German,Left,2026-09-07_16h41.11.939,CRFT,,2025.1.1,59.91873821277205,2026-09-07 16h41.25.749347 +0200,1,
German,,4,4,0,,,,,,,,,,,,,,,,,,,,,3,space,0.43354569998336956,None,[],[],[],[],[],[],[],[],"['space', 'space', 'space', 'space', 'space', 'space', 'space', 'space', 'space', 'space', 'space']","[0.457822500000475, 0.9217111000034492, 1.3213167999929283, 1.8503423999936786, 2.297793100005947, 2.6332726000109687, 3.097876500018174, 3.5535421000095084, 3.993634899990866, 4.362185400008457, 4.73828799999319]","[0.5841583000146784, 0.5039151000091806, 0.6248369000095408, 0.5281036000233144, 0.4554704999900423, 0.5684883999929298, 0.5752686999912839, 0.5602111000043806, 0.47267440002178773, None, None]",None,space,0.34152619997621514,None,,,,,,,,,1,0,1,0,,,,,,,,,0,4,4,3,337.3281956000137,,"[0.01176, 0.02353, 0.05, 0.1, 0.20588]",,,,,,,,,,,,,,,,,,,,,,,,,,,,,,,,,,,,,,,,,,,,,,,,,,,,,,,,,,,,,,,,,,,,,,,,,,,,,,,,,337.31920349999564,337.3281956000137,337.3281956000137,337.3281956000137,337.3281956000137,337.77114970001276,space,0.43354569998336956,None,337.77553430001717,337.8236084000091,337.8236084000091,337.8236084000091,337.8236084000091,337.8236084000091,337.8236084000091,337.8236084000091,337.8236084000091,338.80836389999604,338.83897949999664,339.80223130001104,339.8380821000028,340.7643011000182,340.7658766999957,340.7827688000107,340.7827688000107,340.7827688000107,340.7827688000107,340.7827688000107,340.7827688000107,0.001583700010087341,340.7827688000107,0.001583700010087341,340.7827688000107,345.54888340001344,[],nan,4.28,"[0.46388860000297427, 0.5290256000007503, 0.3354795000050217, 0.4556655999913346, 0.3685505000175908]",nan,0,11,[],[],[],[],[],[],[],[],"['space', 'space', 'space', 'space', 'space', 'space', 'space', 'space', 'space', 'space', 'space']","[0.457822500000475, 0.9217111000034492, 1.3213167999929283, 1.8503423999936786, 2.297793100005947, 2.6332726000109687, 3.097876500018174, 3.5535421000095084, 3.993634899990866, 4.362185400008457, 4.73828799999319]","[0.5841583000146784, 0.5039151000091806, 0.6248369000095408, 0.5281036000233144, 0.4554704999900423, 0.5684883999929298, 0.5752686999912839, 0.5602111000043806, 0.47267440002178773, None, None]",None,345.5494788000069,345.5500961999933,345.55610929999966,346.5702484000067,346.5702484000067,346.5702484000067,347.05091459999676,347.411159100011,space,0.34152619997621514,None,,01,001,German,Left,2026-09-07_16h41.11.939,CRFT,,2025.1.1,59.91873821277205,2026-09-07 16h41.25.749347 +0200,1,
German,,5,0,1,,,,,,,,,,,,,,,,,,,,,2,space,0.37951430000248365,None,[],[],[],[],[],[],[],[],"['space', 'space', 'space', 'space', 'space', 'space', 'space', 'space', 'space', 'space', 'space']","[0.39480820001335815, 1.0425667999952566, 1.5700167000177316, 2.210524499998428, 2.6743678000057116, 3.5383079000166617, 4.058087600016734, 4.906713300006231, 5.338609700003872, 5.922688200022094, 6.3777603000053205]","[0.7673519999952987, 0.6313746000232641, 0.7602470999991056, 0.5520372000173666, 0.9997396999970078, 0.6156858000031207, 0.936324499984039, 0.5117063999932725, 0.7361942999996245, None, None]",None,space,0.3661473000247497,None,,,,,,,,,1,0,1,0,,,,,,,,,1,0,5,2,347.4216912999982,,"[0.01176, 0.02353, 0.05, 0.1, 0.20588]",,,,,,,,,,,,,,,,,,,,,,,,,,,,,,,,,,,,,,,,,,,,,,,,,,,,,,,,,,,,,,,,,,,,,,,,,,,,,,,,,347.41246859999956,347.4216912999982,347.4216912999982,347.4216912999982,347.4216912999982,347.80516240000725,space,0.37951430000248365,None,347.80889810001827,347.8482340000046,347.8482340000046,347.8482340000046,347.8482340000046,347.8482340000046,347.8482340000046,347.8482340000046,347.8482340000046,348.8213154000114,348.88135290000355,349.82393939999747,349.8514026000048,350.8086700999993,350.8102255999984,350.8301935000054,350.8301935000054,350.8301935000054,350.8301935000054,350.8301935000054,350.8301935000054,0.0015666000253986567,350.8301935000054,0.0015666000253986567,350.8301935000054,357.237549100013,[],nan,5.983,"[0.6477585999818984, 0.6405077999806963, 0.8639401000109501, 0.8486256999894977, 0.5840785000182223]",nan,0,11,[],[],[],[],[],[],[],[],"['space', 'space', 'space', 'space', 'space', 'space', 'space', 'space', 'space', 'space', 'space']","[0.39480820001335815, 1.0425667999952566, 1.5700167000177316, 2.210524499998428, 2.6743678000057116, 3.5383079000166617, 4.058087600016734, 4.906713300006231, 5.338609700003872, 5.922688200022094, 6.3777603000053205]","[0.7673519999952987, 0.6313746000232641, 0.7602470999991056, 0.5520372000173666, 0.9997396999970078, 0.6156858000031207, 0.936324499984039, 0.5117063999932725, 0.7361942999996245, None, None]",None,357.2378750999924,357.2382059000083,357.25761940001394,358.2501908999984,358.2501908999984,358.2501908999984,358.75464940001257,359.1354163000069,space,0.3661473000247497,None,,01,001,German,Left,2026-09-07_16h41.11.939,CRFT,,2025.1.1,59.91873821277205,2026-09-07 16h41.25.749347 +0200,1,
German,,6,1,1,,,,,,,,,,,,,,,,,,,,,1,space,0.28122309999889694,None,[],[],[],[],[],[],[],[],"['space', 'space', 'space', 'space', 'space', 'space', 'space', 'space', 'space', 'space', 'space']","[0.3772337999835145, 0.9303085999854375, 1.5543005999934394, 2.3533420999883674, 2.89766309998231, 3.521511799975997, 4.113407999975607, 4.770073899999261, 5.417707499989774, 6.298083999980008, 6.78544099998544]","[0.6566292000061367, 0.7269550999917556, 0.8871151999919675, 0.6247908000077587, 0.6958350999921095, 0.671806700003799, 0.7765293999982532, 0.7124275999958627, 0.9525528000085615, None, None]",None,space,0.3435014999995474,None,,,,,,,,,1,0,1,0,,,,,,,,,1,1,6,1,359.1510121000174,,"[0.01176, 0.02353, 0.05, 0.1, 0.20588]",,,,,,,,,,,,,,,,,,,,,,,,,,,,,,,,,,,,,,,,,,,,,,,,,,,,,,,,,,,,,,,,,,,,,,,,,,,,,,,,,359.13620480001555,359.1510121000174,359.1510121000174,359.1510121000174,359.1510121000174,359.4381874999963,space,0.28122309999889694,None,359.44168610000634,359.4810029999935,359.4810029999935,359.4810029999935,359.4810029999935,359.4810029999935,359.4810029999935,359.4810029999935,359.4810029999935,360.4643092000042,360.499699100008,361.4629876000108,361.4953000000096,362.44522100000177,362.44657440000447,362.4626674000174,362.4626674000174,362.4626674000174,362.4626674000174,362.4626674000174,362.4626674000174,0.001362299983156845,362.4626674000174,0.001362299983156845,362.4626674000174,369.27074740000535,[],nan,6.408,"[0.553074800001923, 0.799041499994928, 0.6238486999936868, 0.6566659000236541, 0.8803764999902342]",nan,0,11,[],[],[],[],[],[],[],[],"['space', 'space', 'space', 'space', 'space', 'space', 'space', 'space', 'space', 'space', 'space']","[0.3772337999835145, 0.9303085999854375, 1.5543005999934394, 2.3533420999883674, 2.89766309998231, 3.521511799975997, 4.113407999975607, 4.770073899999261, 5.417707499989774, 6.298083999980008, 6.78544099998544]","[0.6566292000061367, 0.7269550999917556, 0.8871151999919675, 0.6247908000077587, 0.6958350999921095, 0.671806700003799, 0.7765293999982532, 0.7124275999958627, 0.9525528000085615, None, None]",None,369.27104799999506,369.2713463999971,369.28915680001955,370.291025500017,370.291025500017,370.291025500017,370.7845068000024,371.137395800004,space,0.3435014999995474,None,,01,001,German,Left,2026-09-07_16h41.11.939,CRFT,,2025.1.1,59.91873821277205,2026-09-07 16h41.25.749347 +0200,1,
German,,7,2,1,,,,,,,,,,,,,,,,,,,,,3,space,0.4261407000012696,None,[],[],[],[],[],[],[],[],"['space', 'space', 'space', 'space', 'space', 'space', 'space', 'space', 'space', 'space', 'space']","[0.41222100000595674, 0.8598274000105448, 1.4117454999941401, 1.8195156000147108, 2.236066999990726, 2.620294799999101, 3.0043751999910455, 3.3959976000187453, 3.7244340000033844, 4.068365899991477, 4.372419399995124]","[0.5841212999948766, 0.6568456999957561, 0.5284001000109129, 0.5211396999948192, 0.4562148000113666, 0.46381169999949634, 0.46306240002741106, 0.40843369998037815, 0.4317991000134498, None, None]",None,space,0.3305627999943681,None,,,,,,,,,1,0,1,0,,,,,,,,,1,2,7,3,371.15117880000616,,"[0.01176, 0.02353, 0.05, 0.1, 0.20588]",,,,,,,,,,,,,,,,,,,,,,,,,,,,,,,,,,,,,,,,,,,,,,,,,,,,,,,,,,,,,,,,,,,,,,,,,,,,,,,,,371.1381379000086,371.15117880000616,371.15117880000616,371.15117880000616,371.15117880000616,371.58662640000694,space,0.4261407000012696,None,371.58876220000093,371.6201367000176,371.6201367000176,371.6201367000176,371.6201367000176,371.6201367000176,371.6201367000176,371.6201367000176,371.6201367000176,372.60734930000035,372.6361639999959,373.6099325999967,373.6377896000049,374.57587780000176,374.57745300000533,374.5964998000127,374.5964998000127,374.5964998000127,374.5964998000127,374.5964998000127,374.5964998000127,0.00157049999688752,374.5964998000127,0.00157049999688752,374.5964998000127,378.9881804000179,[],nan,3.96,"[0.44760640000458807, 0.4077701000205707, 0.3842278000083752, 0.39162240002769977, 0.3439318999880925]",nan,0,11,[],[],[],[],[],[],[],[],"['space', 'space', 'space', 'space', 'space', 'space', 'space', 'space', 'space', 'space', 'space']","[0.41222100000595674, 0.8598274000105448, 1.4117454999941401, 1.8195156000147108, 2.236066999990726, 2.620294799999101, 3.0043751999910455, 3.3959976000187453, 3.7244340000033844, 4.068365899991477, 4.372419399995124]","[0.5841212999948766, 0.6568456999957561, 0.5284001000109129, 0.5211396999948192, 0.4562148000113666, 0.46381169999949634, 0.46306240002741106, 0.40843369998037815, 0.4317991000134498, None, None]",None,378.98849350001547,378.9888142000127,379.0068911999988,380.0143902999989,380.0143902999989,380.0143902999989,380.5014471000177,380.83568950000335,space,0.3305627999943681,None,,01,001,German,Left,2026-09-07_16h41.11.939,CRFT,,2025.1.1,59.91873821277205,2026-09-07 16h41.25.749347 +0200,1,
German,,8,3,1,,,,,,,,,,,,,,,,,,,,,4,space,0.4209201000048779,None,[],[],[],[],[],[],[],[],"['space', 'space', 'space', 'space', 'space', 'space', 'space', 'space', 'space', 'space', 'space']","[0.4517986999999266, 0.7233063000021502, 1.0359411000099499, 1.2828427999920677, 1.547797500010347, 1.7869676999980584, 2.04353429999901, 2.307834200008074, 2.5707953000091948, 2.835362300014822, 3.1315188000153285]","[0.326924399996642, 0.3836477000149898, 0.31909999999334104, 0.3526072000095155, 0.3359266000043135, 0.36054920000606216, 0.39209440001286566, 0.35892719999537803, 0.3522897000075318, None, None]",None,space,0.30051410000305623,None,,,,,,,,,1,0,1,0,,,,,,,,,1,3,8,4,380.85119780001696,,"[0.01176, 0.02353, 0.05, 0.1, 0.20588]",,,,,,,,,,,,,,,,,,,,,,,,,,,,,,,,,,,,,,,,,,,,,,,,,,,,,,,,,,,,,,,,,,,,,,,,,,,,,,,,,380.83674590001465,380.85119780001696,380.85119780001696,380.85119780001696,380.85119780001696,381.2867719999922,space,0.4209201000048779,None,381.2889802000136,381.3155977000133,381.3155977000133,381.3155977000133,381.3155977000133,381.3155977000133,381.3155977000133,381.3155977000133,381.3155977000133,382.30954550000024,382.3435463999922,383.29884709999897,383.330180000019,384.2979154000059,384.2998778000183,384.32516170002054,384.32516170002054,384.32516170002054,384.32516170002054,384.32516170002054,384.32516170002054,0.0019751999934669584,384.32516170002054,0.0019751999934669584,384.32516170002054,387.4871672000154,[],nan,2.68,"[0.2715076000022236, 0.24690169998211786, 0.23917019998771138, 0.264299900009064, 0.26456700000562705]",nan,0,11,[],[],[],[],[],[],[],[],"['space', 'space', 'space', 'space', 'space', 'space', 'space', 'space', 'space', 'space', 'space']","[0.4517986999999266, 0.7233063000021502, 1.0359411000099499, 1.2828427999920677, 1.547797500010347, 1.7869676999980584, 2.04353429999901, 2.307834200008074, 2.5707953000091948, 2.835362300014822, 3.1315188000153285]","[0.326924399996642, 0.3836477000149898, 0.31909999999334104, 0.3526072000095155, 0.3359266000043135, 0.36054920000606216, 0.39209440001286566, 0.35892719999537803, 0.3522897000075318, None, None]",None,387.48755380001967,387.48790619999636,387.5100405999983,388.5200035000162,388.5200035000162,388.5200035000162,389.02015940001,389.33768200001214,space,0.30051410000305623,None,384.32516170002054,01,001,German,Left,2026-09-07_16h41.11.939,CRFT,,2025.1.1,59.91873821277205,2026-09-07 16h41.25.749347 +0200,1,
German,,9,4,1,,,,,,,,,,,,,,,,,,,,,0,space,0.36193899999489076,None,[],[],[],[],[],[],[],[],"['space', 'space', 'space', 'space', 'space', 'space', 'space', 'space', 'space', 'space', 'space']","[0.7971201000036672, 1.581007300002966, 2.108206100005191, 3.085198600019794, 3.620864300028188, 4.476146900007734, 4.997104600013699, 5.900693400006276, 6.300979900028324, 7.244322600017767, 7.661133400019025]","[0.9038794000225607, 0.6479905000014696, 1.104486199998064, 0.6394216000044253, 0.9835005999775603, 0.6245660000131465, 0.9913141000142787, 0.5523904000001494, 1.0322454999841284, None, None]",None,space,0.9285250999964774,None,,,,,,,,,1,0,1,0,,,,,,,,,1,4,9,0,389.35152769999695,,"[0.01176, 0.02353, 0.05, 0.1, 0.20588]",,,,,,,,,,,,,,,,,,,,,,,,,,,,,,,,,,,,,,,,,,,,,,,,,,,,,,,,,,,,,,,,,,,,,,,,,,,,,,,,,389.33879370000795,389.35152769999695,389.35152769999695,389.35152769999695,389.35152769999695,389.72048210000503,space,0.36193899999489076,None,389.72274100000504,389.7579975000117,389.7579975000117,389.7579975000117,389.7579975000117,389.7579975000117,389.7579975000117,389.7579975000117,389.7579975000117,390.74777820002055,390.7717499000137,391.75792160001583,391.78558019999764,392.7116925000155,392.7148626999988,392.74781130001065,392.74781130001065,392.74781130001065,392.74781130001065,392.74781130001065,392.74781130001065,0.003181500011123717,392.74781130001065,0.003181500011123717,392.74781130001065,400.438447499997,[],nan,6.864,"[0.7838871999992989, 0.9769925000146031, 0.8552825999795459, 0.9035887999925762, 0.9433426999894436]",nan,0,11,[],[],[],[],[],[],[],[],"['space', 'space', 'space', 'space', 'space', 'space', 'space', 'space', 'space', 'space', 'space']","[0.7971201000036672, 1.581007300002966, 2.108206100005191, 3.085198600019794, 3.620864300028188, 4.476146900007734, 4.997104600013699, 5.900693400006276, 6.300979900028324, 7.244322600017767, 7.661133400019025]","[0.9038794000225607, 0.6479905000014696, 1.104486199998064, 0.6394216000044253, 0.9835005999775603, 0.6245660000131465, 0.9913141000142787, 0.5523904000001494, 1.0322454999841284, None, None]",None,400.4387793999922,400.43906490001245,400.44198309999774,401.4712645999971,401.4712645999971,401.4712645999971,401.9516780000122,402.88618490000954,space,0.9285250999964774,None,,01,001,German,Left,2026-09-07_16h41.11.939,CRFT,,2025.1.1,59.91873821277205,2026-09-07 16h41.25.749347 +0200,1,
German,,10,0,2,,,,,,,,,,,,,,,,,,,,,0,space,0.3547178999870084,None,[],[],[],[],[],[],[],[],"['space', 'space', 'space', 'space', 'space', 'space', 'space', 'space', 'space', 'space', 'space']","[0.3745286999910604, 1.103230100008659, 1.550836899987189, 2.494902300008107, 2.93478939999477, 3.9352197000116576, 4.366742899990641, 5.278685600002063, 5.7913394999923185, 6.862804800010053, 7.247296899993671]","[0.872014799999306, 0.583528799994383, 1.095603600027971, 0.5761467999836896, 1.1606095000170171, 0.584163699997589, 1.0641787000058684, 0.6647167000046466, 1.1995234000205528, None, None]",None,space,0.3556545999890659,None,,,,,,,,,1,0,1,0,,,,,,,,,2,0,10,0,402.9014917000022,,"[0.01176, 0.02353, 0.05, 0.1, 0.20588]",,,,,,,,,,,,,,,,,,,,,,,,,,,,,,,,,,,,,,,,,,,,,,,,,,,,,,,,,,,,,,,,,,,,,,,,,,,,,,,,,402.88721330001135,402.9014917000022,402.9014917000022,402.9014917000022,402.9014917000022,403.2715751999931,space,0.3547178999870084,None,403.2756222000171,403.29970900001354,403.29970900001354,403.29970900001354,403.29970900001354,403.29970900001354,403.29970900001354,403.29970900001354,403.29970900001354,404.30803549999837,404.3330343000125,405.2829236999969,405.3340661000111,406.2608645000146,406.26368000000366,406.28946650002035,406.28946650002035,406.28946650002035,406.28946650002035,406.28946650002035,406.28946650002035,0.0028393000247888267,406.28946650002035,0.0028393000247888267,406.28946650002035,413.5550046999997,[],nan,6.873,"[0.7287014000175986, 0.9440654000209179, 1.0004303000168875, 0.9119427000114229, 1.071465300017735]",nan,0,11,[],[],[],[],[],[],[],[],"['space', 'space', 'space', 'space', 'space', 'space', 'space', 'space', 'space', 'space', 'space']","[0.3745286999910604, 1.103230100008659, 1.550836899987189, 2.494902300008107, 2.93478939999477, 3.9352197000116576, 4.366742899990641, 5.278685600002063, 5.7913394999923185, 6.862804800010053, 7.247296899993671]","[0.872014799999306, 0.583528799994383, 1.095603600027971, 0.5761467999836896, 1.1606095000170171, 0.584163699997589, 1.0641787000058684, 0.6647167000046466, 1.1995234000205528, None, None]",None,413.5553370999987,413.5556486000132,413.5590049000166,414.5853857000184,414.5853857000184,414.5853857000184,415.0685153999948,415.4363637000206,space,0.3556545999890659,None,,01,001,German,Left,2026-09-07_16h41.11.939,CRFT,,2025.1.1,59.91873821277205,2026-09-07 16h41.25.749347 +0200,1,
German,,11,1,2,,,,,,,,,,,,,,,,,,,,,4,space,0.42078260000562295,None,[],[],[],[],[],[],[],[],"['space', 'space', 'space', 'space', 'space', 'space', 'space', 'space', 'space', 'space', 'space']","[0.31295520000276156, 0.8248467000084929, 1.2084811000095215, 1.6490468000120018, 2.009045500017237, 2.2968671999988146, 2.5770451000134926, 2.913152299996, 3.2653578000026755, 3.63283849999425, 4.024755699996604]","[0.5920796999998856, 0.456625199993141, 0.5440056000079494, 0.45625590000418015, 0.35998859998653643, 0.36813070002244785, 0.4163416000083089, 0.43154670001240447, 0.43953960001817904, None, None]",None,space,0.45140650001121685,None,,,,,,,,,1,0,1,0,,,,,,,,,2,1,11,4,415.4517281000153,,"[0.01176, 0.02353, 0.05, 0.1, 0.20588]",,,,,,,,,,,,,,,,,,,,,,,,,,,,,,,,,,,,,,,,,,,,,,,,,,,,,,,,,,,,,,,,,,,,,,,,,,,,,,,,,415.4374506000022,415.4517281000153,415.4517281000153,415.4517281000153,415.4517281000153,415.8875512999948,space,0.42078260000562295,None,415.8899089000188,415.92769129999215,415.92769129999215,415.92769129999215,415.92769129999215,415.92769129999215,415.92769129999215,415.92769129999215,415.92769129999215,416.9042361000029,416.98072789999424,417.9159184000164,417.947913800017,418.89425480001955,418.899302100006,418.92737429999397,418.92737429999397,418.92737429999397,418.92737429999397,418.92737429999397,418.92737429999397,0.0050783999904524535,418.92737429999397,0.0050783999904524535,418.92737429999397,422.9805234000087,[],nan,3.712,"[0.5118915000057314, 0.4405657000024803, 0.2878216999815777, 0.33610719998250715, 0.3674806999915745]",nan,0,11,[],[],[],[],[],[],[],[],"['space', 'space', 'space', 'space', 'space', 'space', 'space', 'space', 'space', 'space', 'space']","[0.31295520000276156, 0.8248467000084929, 1.2084811000095215, 1.6490468000120018, 2.009045500017237, 2.2968671999988146, 2.5770451000134926, 2.913152299996, 3.2653578000026755, 3.63283849999425, 4.024755699996604]","[0.5920796999998856, 0.456625199993141, 0.5440056000079494, 0.45625590000418015, 0.35998859998653643, 0.36813070002244785, 0.4163416000083089, 0.43154670001240447, 0.43953960001817904, None, None]",None,422.98086420001346,422.9812190000084,422.98468170000706,424.005152800004,424.005152800004,424.005152800004,424.4851149000169,424.9529209000175,space,0.45140650001121685,None,,01,001,German,Left,2026-09-07_16h41.11.939,CRFT,,2025.1.1,59.91873821277205,2026-09-07 16h41.25.749347 +0200,1,
German,,12,2,2,,,,,,,,,,,,,,,,,,,,,1,space,0.44752439999138005,None,[],[],[],[],[],[],[],[],"['space', 'space', 'space', 'space', 'space', 'space', 'space', 'space', 'space', 'space', 'space']","[0.5787049999926239, 1.3148229999933392, 1.8591412999958266, 2.7315222999895923, 3.107491200004006, 3.9235577000072226, 4.426826599985361, 5.194988700008253, 5.635017499997048, 6.378658000001451, 8.059969399997499]","[0.8640171000151895, 0.647940099996049, 0.991756000003079, 0.4955931000004057, 0.9036399000033271, 0.6156856000015978, 0.9036848999967333, 0.5444857999973465, 0.847869899997022, None, None]",None,space,4.148317200015299,None,,,,,,,,,1,0,1,0,,,,,,,,,2,2,12,1,424.96856229999685,,"[0.01176, 0.02353, 0.05, 0.1, 0.20588]",,,,,,,,,,,,,,,,,,,,,,,,,,,,,,,,,,,,,,,,,,,,,,,,,,,,,,,,,,,,,,,,,,,,,,,,,,,,,,,,,424.95370680000633,424.96856229999685,424.96856229999685,424.96856229999685,424.96856229999685,425.422297800018,space,0.44752439999138005,None,425.4255841000122,425.4576439000084,425.4576439000084,425.4576439000084,425.4576439000084,425.4576439000084,425.4576439000084,425.4576439000084,425.4576439000084,426.443600700004,426.4712359000114,427.45828310001525,427.45828310001525,428.4287295000104,428.43182160001015,428.4613357000053,428.4613357000053,428.4613357000053,428.4613357000053,428.4613357000053,428.4613357000053,0.0031153999734669924,428.4613357000053,0.0031153999734669924,428.4613357000053,436.5432276999927,[0.3034489248621587],nan,7.481,"[0.7361180000007153, 0.8723809999937657, 0.8160665000032168, 0.7681621000228915, 0.7436405000044033]",6882.0,1,11,[],[],[],[],[],[],[],[],"['space', 'space', 'space', 'space', 'space', 'space', 'space', 'space', 'space', 'space', 'space']","[0.5787049999926239, 1.3148229999933392, 1.8591412999958266, 2.7315222999895923, 3.107491200004006, 3.9235577000072226, 4.426826599985361, 5.194988700008253, 5.635017499997048, 6.378658000001451, 8.059969399997499]","[0.8640171000151895, 0.647940099996049, 0.991756000003079, 0.4955931000004057, 0.9036399000033271, 0.6156856000015978, 0.9036848999967333, 0.5444857999973465, 0.847869899997022, None, None]",None,436.54394970001886,436.54444600001443,436.5496536999999,437.571319700015,437.571319700015,437.571319700015,438.05221059999894,442.2031507999927,space,4.148317200015299,None,,01,001,German,Left,2026-09-07_16h41.11.939,CRFT,,2025.1.1,59.91873821277205,2026-09-07 16h41.25.749347 +0200,1,
German,,13,3,2,,,,,,,,,,,,,,,,,,,,,2,space,0.38179919999674894,None,[],[],[],[],[],[],[],[],"['space', 'space', 'space', 'space', 'space', 'space', 'space', 'space', 'space', 'space', 'space']","[0.5413057999976445, 1.0931773000047542, 1.493329699995229, 2.196363900002325, 2.6205821000039577, 3.412700999993831, 3.8762737000070047, 4.621027999994112, 5.028793200006476, 5.765483099996345, 6.189225500012981]","[0.6874316000030376, 0.5356578000064474, 0.8713060000154655, 0.5601135999895632, 0.9441774000006262, 0.5995146000059322, 0.8802256000053603, 0.5272995000123046, 0.871592099982081, None, None]",None,space,1.4463531000074,None,,,,,,,,,1,0,1,0,,,,,,,,,2,3,13,2,442.2188928000105,,"[0.01176, 0.02353, 0.05, 0.1, 0.20588]",,,,,,,,,,,,,,,,,,,,,,,,,,,,,,,,,,,,,,,,,,,,,,,,,,,,,,,,,,,,,,,,,,,,,,,,,,,,,,,,,442.203909200005,442.2188928000105,442.2188928000105,442.2188928000105,442.2188928000105,442.60547770000994,space,0.38179919999674894,None,442.60853040000075,442.65258840000024,442.65258840000024,442.65258840000024,442.65258840000024,442.65258840000024,442.65258840000024,442.65258840000024,442.65258840000024,443.6191196000145,443.67323710001074,444.634712900006,444.634712900006,445.5997439000057,445.60237189999316,445.6276431000151,445.6276431000151,445.6276431000151,445.6276431000151,445.6276431000151,445.6276431000151,0.0026486999995540828,445.6276431000151,0.0026486999995540828,445.6276431000151,451.8394069999922,[],nan,5.648,"[0.5518715000071097, 0.7030342000070959, 0.7921188999898732, 0.7447542999871075, 0.7366898999898694]",nan,0,11,[],[],[],[],[],[],[],[],"['space', 'space', 'space', 'space', 'space', 'space', 'space', 'space', 'space', 'space', 'space']","[0.5413057999976445, 1.0931773000047542, 1.493329699995229, 2.196363900002325, 2.6205821000039577, 3.412700999993831, 3.8762737000070047, 4.621027999994112, 5.028793200006476, 5.765483099996345, 6.189225500012981]","[0.6874316000030376, 0.5356578000064474, 0.8713060000154655, 0.5601135999895632, 0.9441774000006262, 0.5995146000059322, 0.8802256000053603, 0.5272995000123046, 0.871592099982081, None, None]",None,451.8397662000207,451.84009050001623,451.8435746000032,452.8658427000046,452.8658427000046,452.8658427000046,453.35446299999603,454.8048503000173,space,1.4463531000074,None,,01,001,German,Left,2026-09-07_16h41.11.939,CRFT,,2025.1.1,59.91873821277205,2026-09-07 16h41.25.749347 +0200,1,
German,,14,4,2,,,,,,,,,,,,,,,,,,,,,3,space,4.6740965000062715,None,[],[],[],[],[],[],[],[],"['space', 'space', 'space', 'space', 'space', 'space', 'space', 'space', 'space', 'space', 'space']","[0.27401199997984804, 0.6821162999840453, 0.9945709999883547, 1.3377570000011474, 1.7058317999762949, 2.018350799975451, 2.3461510999768507, 2.66582809999818, 2.9543407000019215, 3.273546299984446, 3.594244499981869]","[0.5528748000215273, 0.4474841000046581, 0.5032854999881238, 0.5116355999780353, 0.479925000021467, 0.48708310001529753, 0.4882215000106953, 0.47980549998464994, 0.47215349998441525, None, None]",None,space,0.37169620001805015,None,,,,,,,,,1,0,1,0,,,,,,,,,2,4,14,3,454.8148255000124,,"[0.01176, 0.02353, 0.05, 0.1, 0.20588]",,,,,,,,,,,,,,,,,,,,,,,,,,,,,,,,,,,,,,,,,,,,,,,,,,,,,,,,,,,,,,,,,,,,,,,,,,,,,,,,,454.80587000001105,454.8148255000124,454.8148255000124,454.8148255000124,454.8148255000124,459.5044790999964,space,4.6740965000062715,None,459.50656840001466,459.538730100001,459.538730100001,459.538730100001,459.538730100001,459.538730100001,459.538730100001,459.538730100001,459.538730100001,460.5247978999978,460.55024320000666,461.5405893000134,461.5405893000134,462.5187748000026,462.52071509999223,462.54245219999575,462.54245219999575,462.54245219999575,462.54245219999575,462.54245219999575,462.54245219999575,0.0019570000004023314,462.54245219999575,0.0019570000004023314,462.54245219999575,466.15843510002014,[],nan,3.32,"[0.4081043000041973, 0.34318600001279265, 0.3125189999991562, 0.31967700002132915, 0.3192055999825243]",nan,0,11,[],[],[],[],[],[],[],[],"['space', 'space', 'space', 'space', 'space', 'space', 'space', 'space', 'space', 'space', 'space']","[0.27401199997984804, 0.6821162999840453, 0.9945709999883547, 1.3377570000011474, 1.7058317999762949, 2.018350799975451, 2.3461510999768507, 2.66582809999818, 2.9543407000019215, 3.273546299984446, 3.594244499981869]","[0.5528748000215273, 0.4474841000046581, 0.5032854999881238, 0.5116355999780353, 0.479925000021467, 0.48708310001529753, 0.4882215000106953, 0.47980549998464994, 0.47215349998441525, None, None]",None,466.1588907999976,466.1593400000129,466.1636936000141,467.18833580001956,467.18833580001956,467.18833580001956,467.66894629999297,468.0546064999944,space,0.37169620001805015,None,,01,001,German,Left,2026-09-07_16h41.11.939,CRFT,,2025.1.1,59.91873821277205,2026-09-07 16h41.25.749347 +0200,1,
German,,15,0,3,,,,,,,,,,,,,,,,,,,,,1,space,0.40038710000226274,None,[],[],[],[],[],[],[],[],"['space', 'space', 'space', 'space', 'space', 'space', 'space', 'space', 'space', 'space', 'space']","[0.24442229999112897, 0.956227199989371, 1.5394709999964107, 2.4921361999877263, 2.9723957999958657, 4.0365121999930125, 4.436389199981932, 5.396882899978664, 5.779801299999235, 6.675532899971586, 7.019933999981731]","[0.8153911999834236, 0.7032797999854665, 1.0724962999811396, 0.632273900002474, 1.2071663999813609, 0.6240008999884594, 1.0958127999911085, 0.5032705000194255, 0.9839677999843843, None, None]",None,space,0.28835930000059307,None,,,,,,,,,1,0,1,0,,,,,,,,,3,0,15,1,468.06437619999633,,"[0.01176, 0.02353, 0.05, 0.1, 0.20588]",,,,,,,,,,,,,,,,,,,,,,,,,,,,,,,,,,,,,,,,,,,,,,,,,,,,,,,,,,,,,,,,,,,,,,,,,,,,,,,,,468.0556859000062,468.06437619999633,468.06437619999633,468.06437619999633,468.06437619999633,468.4729079999961,space,0.40038710000226274,None,468.47657580001396,468.51031499999226,468.51031499999226,468.51031499999226,468.51031499999226,468.51031499999226,468.51031499999226,468.51031499999226,468.51031499999226,469.508994600008,469.5356814000115,470.5058987000084,470.53824320001877,471.4630911000131,471.46673050001846,471.5003161000204,471.5003161000204,471.5003161000204,471.5003161000204,471.5003161000204,471.5003161000204,0.0036650000256486237,471.5003161000204,0.0036650000256486237,471.5003161000204,478.53713800001424,[],nan,6.776,"[0.711804899998242, 0.9526651999913156, 1.0641163999971468, 0.9604936999967322, 0.8957315999723505]",nan,0,11,[],[],[],[],[],[],[],[],"['space', 'space', 'space', 'space', 'space', 'space', 'space', 'space', 'space', 'space', 'space']","[0.24442229999112897, 0.956227199989371, 1.5394709999964107, 2.4921361999877263, 2.9723957999958657, 4.0365121999930125, 4.436389199981932, 5.396882899978664, 5.779801299999235, 6.675532899971586, 7.019933999981731]","[0.8153911999834236, 0.7032797999854665, 1.0724962999811396, 0.632273900002474, 1.2071663999813609, 0.6240008999884594, 1.0958127999911085, 0.5032705000194255, 0.9839677999843843, None, None]",None,478.53739720000885,478.53762230000575,478.54015889999573,479.5657102999976,479.5657102999976,479.5657102999976,480.0474782999954,480.3484718000109,space,0.28835930000059307,None,,01,001,German,Left,2026-09-07_16h41.11.939,CRFT,,2025.1.1,59.91873821277205,2026-09-07 16h41.25.749347 +0200,1,
German,,16,1,3,,,,,,,,,,,,,,,,,,,,,3,space,0.3478678000101354,None,[],[],[],[],[],[],[],[],"['space', 'space', 'space', 'space', 'space', 'space', 'space', 'space', 'space', 'space', 'space']","[0.25145869998959824, 0.7873733000014909, 1.1714373000140768, 1.5163513000006787, 1.9318903000093997, 2.2912877000053413, 2.6589053999923635, 3.0349031999940053, 3.3794474999886006, 3.667278400011128, 4.290966100001242]","[0.6554556000046432, 0.5195723999931943, 0.49563689998467453, 0.5187992000137456, 0.4797451999911573, 0.5042365999834146, 0.49616840001544915, 0.4481957000098191, 0.4078112000133842, None, None]",None,space,0.3245370000076946,None,,,,,,,,,1,0,1,0,,,,,,,,,3,1,16,3,480.36415229999693,,"[0.01176, 0.02353, 0.05, 0.1, 0.20588]",,,,,,,,,,,,,,,,,,,,,,,,,,,,,,,,,,,,,,,,,,,,,,,,,,,,,,,,,,,,,,,,,,,,,,,,,,,,,,,,,480.349426700006,480.36415229999693,480.36415229999693,480.36415229999693,480.36415229999693,480.7182023000205,space,0.3478678000101354,None,480.72104370000307,480.7567842999997,480.7567842999997,480.7567842999997,480.7567842999997,480.7567842999997,480.7567842999997,480.7567842999997,480.7567842999997,481.74502460000804,481.7732885000005,482.7319397999963,482.7587757000001,483.7140763000061,483.7166245999979,483.7410090000194,483.7410090000194,483.7410090000194,483.7410090000194,483.7410090000194,483.7410090000194,0.002567100018495694,483.7410090000194,0.002567100018495694,483.7410090000194,488.05116460000863,[],nan,4.04,"[0.5359146000118926, 0.344913999986602, 0.35939739999594167, 0.37599780000164174, 0.2878309000225272]",nan,0,11,[],[],[],[],[],[],[],[],"['space', 'space', 'space', 'space', 'space', 'space', 'space', 'space', 'space', 'space', 'space']","[0.25145869998959824, 0.7873733000014909, 1.1714373000140768, 1.5163513000006787, 1.9318903000093997, 2.2912877000053413, 2.6589053999923635, 3.0349031999940053, 3.3794474999886006, 3.667278400011128, 4.290966100001242]","[0.6554556000046432, 0.5195723999931943, 0.49563689998467453, 0.5187992000137456, 0.4797451999911573, 0.5042365999834146, 0.49616840001544915, 0.4481957000098191, 0.4078112000133842, None, None]",None,488.0514746000117,488.0517625999928,488.0548275000183,489.08208910000394,489.08208910000394,489.08208910000394,489.5644438000163,489.89860919999774,space,0.3245370000076946,None,,01,001,German,Left,2026-09-07_16h41.11.939,CRFT,,2025.1.1,59.91873821277205,2026-09-07 16h41.25.749347 +0200,1,
German,,17,2,3,,,,,,,,,,,,,,,,,,,,,4,space,0.35040809999918565,None,[],[],[],[],[],[],[],[],"['space', 'space', 'space', 'space', 'space', 'space', 'space', 'space', 'space', 'space', 'space']","[0.3039377999957651, 0.5444772999908309, 0.7683689999976195, 0.9758006999909412, 1.2001488999812864, 1.424613799987128, 1.663866799994139, 1.8727001000079326, 2.080233799992129, 2.280264500004705, 2.4804842000012286]","[0.3285174999909941, 0.31176030001370236, 0.3045472000085283, 0.3120094999903813, 0.3042905000038445, 0.32749650001642294, 0.312664400000358, 0.304216999997152, 0.32054479999351315, None, None]",None,space,0.36677249998319894,None,,,,,,,,,1,0,1,0,,,,,,,,,3,2,17,4,489.9144823999959,,"[0.01176, 0.02353, 0.05, 0.1, 0.20588]",,,,,,,,,,,,,,,,,,,,,,,,,,,,,,,,,,,,,,,,,,,,,,,,,,,,,,,,,,,,,,,,,,,,,,,,,,,,,,,,,489.8993801000179,489.9144823999959,489.9144823999959,489.9144823999959,489.9144823999959,490.2671662000066,space,0.35040809999918565,None,490.2696744000132,490.3051795999927,490.3051795999927,490.3051795999927,490.3051795999927,490.3051795999927,490.3051795999927,490.3051795999927,490.3051795999927,491.27996740001254,491.3382277000055,492.2778168999939,492.30538850001176,493.2733758999966,493.27537630000734,493.29601150000235,493.29601150000235,493.29601150000235,493.29601150000235,493.29601150000235,493.29601150000235,0.0020139999978709966,493.29601150000235,0.0020139999978709966,493.29601150000235,495.79787150002085,[],nan,2.177,"[0.24053949999506585, 0.20743169999332167, 0.22446490000584163, 0.20883330001379363, 0.20003070001257583]",nan,0,11,[],[],[],[],[],[],[],[],"['space', 'space', 'space', 'space', 'space', 'space', 'space', 'space', 'space', 'space', 'space']","[0.3039377999957651, 0.5444772999908309, 0.7683689999976195, 0.9758006999909412, 1.2001488999812864, 1.424613799987128, 1.663866799994139, 1.8727001000079326, 2.080233799992129, 2.280264500004705, 2.4804842000012286]","[0.3285174999909941, 0.31176030001370236, 0.3045472000085283, 0.3120094999903813, 0.3042905000038445, 0.32749650001642294, 0.312664400000358, 0.304216999997152, 0.32054479999351315, None, None]",None,495.798211300018,495.79855920001864,495.8020364000113,496.8174896000128,496.8174896000128,496.8174896000128,497.2975568000111,497.66630320000695,space,0.36677249998319894,None,493.29601150000235,01,001,German,Left,2026-09-07_16h41.11.939,CRFT,,2025.1.1,59.91873821277205,2026-09-07 16h41.25.749347 +0200,1,
German,,18,3,3,,,,,,,,,,,,,,,,,,,,,0,space,0.29518579997238703,None,[],[],[],[],[],[],[],[],"['space', 'space', 'space', 'space', 'space', 'space', 'space', 'space', 'space', 'space', 'space']","[0.33540739997988567, 1.2475074999965727, 1.7837559999898076, 2.85514709999552, 3.2801082999794744, 4.408381599991117, 4.7835971000022255, 6.007224200002383, 6.503389399993466, 7.59155899999314, 8.16740849998314]","[1.0956949000246823, 0.6556219999911264, 1.2250215999956708, 0.5283617000095546, 1.2808661000162829, 0.5598150000150781, 1.3277586000040174, 0.6484591999906115, 1.2802326999953948, None, None]",None,space,0.2617253999924287,None,,,,,,,,,1,0,1,0,,,,,,,,,3,3,18,0,497.6812878000201,,"[0.01176, 0.02353, 0.05, 0.1, 0.20588]",,,,,,,,,,,,,,,,,,,,,,,,,,,,,,,,,,,,,,,,,,,,,,,,,,,,,,,,,,,,,,,,,,,,,,,,,,,,,,,,,497.66739919999964,497.6812878000201,497.6812878000201,497.6812878000201,497.6812878000201,497.984777900012,space,0.29518579997238703,None,497.988460099994,498.0234776000143,498.0234776000143,498.0234776000143,498.0234776000143,498.0234776000143,498.0234776000143,498.0234776000143,498.0234776000143,499.01303110001027,499.0387883000076,500.01679690001765,500.04514060000656,500.9756430000125,500.97758330000215,501.00071940000635,501.00071940000635,501.00071940000635,501.00071940000635,501.00071940000635,501.00071940000635,0.0019552000158000737,501.00071940000635,0.0019552000158000737,501.00071940000635,509.19410439999774,[],nan,7.832,"[0.9121001000166871, 1.0713911000057124, 1.1282733000116423, 1.223627100000158, 1.0881695999996737]",nan,0,11,[],[],[],[],[],[],[],[],"['space', 'space', 'space', 'space', 'space', 'space', 'space', 'space', 'space', 'space', 'space']","[0.33540739997988567, 1.2475074999965727, 1.7837559999898076, 2.85514709999552, 3.2801082999794744, 4.408381599991117, 4.7835971000022255, 6.007224200002383, 6.503389399993466, 7.59155899999314, 8.16740849998314]","[1.0956949000246823, 0.6556219999911264, 1.2250215999956708, 0.5283617000095546, 1.2808661000162829, 0.5598150000150781, 1.3277586000040174, 0.6484591999906115, 1.2802326999953948, None, None]",None,509.19441359999473,509.1946889999963,509.19763730000705,510.2125545000017,510.2125545000017,510.2125545000017,510.69820310000796,510.96808059999603,space,0.2617253999924287,None,,01,001,German,Left,2026-09-07_16h41.11.939,CRFT,,2025.1.1,59.91873821277205,2026-09-07 16h41.25.749347 +0200,1,
German,,19,4,3,,,,,,,,,,,,,,,,,,,,,2,space,0.4238457000174094,None,[],[],[],[],[],[],[],[],"['space', 'space', 'space', 'space', 'space', 'space', 'space', 'space', 'space', 'space', 'space']","[0.21706120000453666, 0.8098472999990918, 1.226261700008763, 1.86567020000075, 2.273418800003128, 2.9858627000066917, 3.4731244000140578, 4.290051899995888, 4.689695300010499, 5.465450000017881, 5.769930300011765]","[0.705066499998793, 0.5199393999937456, 0.7594510999915656, 0.5132296000083443, 0.8639726999972481, 0.5922487000061665, 0.9525894999969751, 0.5520754000172019, 0.9037134000100195, None, None]",None,space,0.15380219998769462,None,,,,,,,,,1,0,1,0,,,,,,,,,3,4,19,2,510.9772423999966,,"[0.01176, 0.02353, 0.05, 0.1, 0.20588]",,,,,,,,,,,,,,,,,,,,,,,,,,,,,,,,,,,,,,,,,,,,,,,,,,,,,,,,,,,,,,,,,,,,,,,,,,,,,,,,,510.9689325999934,510.9772423999966,510.9772423999966,510.9772423999966,510.9772423999966,511.4168328999949,space,0.4238457000174094,None,511.4191366000159,511.45073370001046,511.45073370001046,511.45073370001046,511.45073370001046,511.45073370001046,511.45073370001046,511.45073370001046,511.45073370001046,512.4315306000062,512.4960069000081,513.4427226000116,513.4729616999975,514.418966600002,514.4210251000186,514.4387179000187,514.4387179000187,514.4387179000187,514.4387179000187,514.4387179000187,514.4387179000187,0.0020727000082843006,514.4387179000187,0.0020727000082843006,514.4387179000187,520.2350325000007,[],nan,5.553,"[0.5927860999945551, 0.6394084999919869, 0.7124439000035636, 0.8169274999818299, 0.7757547000073828]",nan,0,11,[],[],[],[],[],[],[],[],"['space', 'space', 'space', 'space', 'space', 'space', 'space', 'space', 'space', 'space', 'space']","[0.21706120000453666, 0.8098472999990918, 1.226261700008763, 1.86567020000075, 2.273418800003128, 2.9858627000066917, 3.4731244000140578, 4.290051899995888, 4.689695300010499, 5.465450000017881, 5.769930300011765]","[0.705066499998793, 0.5199393999937456, 0.7594510999915656, 0.5132296000083443, 0.8639726999972481, 0.5922487000061665, 0.9525894999969751, 0.5520754000172019, 0.9037134000100195, None, None]",None,520.2353756999946,520.2357115000195,520.2391994000063,521.2635052000114,521.2635052000114,521.2635052000114,521.7501025999954,521.9161380000005,space,0.15380219998769462,None,,01,001,German,Left,2026-09-07_16h41.11.939,CRFT,,2025.1.1,59.91873821277205,2026-09-07 16h41.25.749347 +0200,1,
German,,0,0,0,,,,,,,,,images/placeholder.png,0,0,0,0,0,0,no,"During the task, the hand with which you are tapping remains on the stylus, and the index finger of your other hand remains on the space bar.

DO NOT CORRECT your tapping: If you missed a circle, continue immediately!

ALWAYS LIFT the stylus! (do not trace the paths on the screen)

Reminder: Use the stylus with your PREFERRED hand and do not rest your hand on the screen. Press the space bar with your free hand.","Durante la tarea, la mano con la que toca permanece en el lápiz táctil, y el dedo índice de la otra mano permanece sobre la barra espaciadora.

NO CORRIJA sus toques: Si no acertó un círculo, continúe de inmediato.

LEVANTE siempre el lápiz táctil. (no trace las trayectorias en la pantalla)

Recordatorio: Use el lápiz táctil con su mano PREFERIDA y no apoye la mano sobre la pantalla. Presione la barra espaciadora con su mano libre.","Pendant la tâche, la main avec laquelle vous touchez reste sur le stylet tactile, et l’index de l’autre main reste sur la barre d’espace.

NE CORRIGEZ PAS vos appuis : Si vous avez manqué un cercle, continuez immédiatement !

SOULEVEZ toujours le stylet tactile ! (ne tracez pas les trajectoires sur l’écran)

Rappel : Utilisez le stylet tactile avec votre main PRÉFÉRÉE et ne posez pas votre main sur l’écran. Appuyez sur la barre d’espace avec votre main libre.","Während der Aufgabe bleibt die Hand, mit der Sie tippen, am Touch-Stift, der Zeigefinger der anderen Hand bleibt an der Leertaste.

KORRIGIEREN Sie Ihr Tippen NICHT: Wenn Sie einen Kreis verfehlt haben, fahren Sie direkt fort!

SETZEN Sie den Touch-Stift immer AB! (kein Nachzeichnen der Strecken auf dem Bildschirm)

Erinnerung: Benutzen Sie den Touch-Stift mit Ihrer BEVORZUGTEN Hand und stützen Sie sich nicht mit Ihrer Hand auf dem Bildschirm ab. Drücken Sie die Leertaste mit Ihrer freien Hand.",4,space,0.6526312000059988,None,[],[],[],[],[],[],[],[],"['space', 'space', 'space', 'space', 'space', 'space', 'space', 'space', 'space', 'space', 'space']","[0.29989900000509806, 0.5072734999994282, 0.7000232999853324, 0.9718069999944419, 1.2272209000075236, 1.4514898000052199, 1.691715299995849, 1.955723199993372, 2.196076099993661, 2.4592206999950577, 2.6998324999876786]","[0.31147629997576587, 0.31244389998028055, 0.39104479999514297, 0.3921420999977272, 0.3603982999920845, 0.3683555999887176, 0.4002811000100337, 0.3675836999900639, 0.3834406000096351, None, None]",None,space,0.10979809999116696,None,,,,,,,,,2,0,2,0,0,0,0,0,0,4,4,4,0,0,0,4,580.2681962000206,,"[0.03, 0.06, 0.09, 0.12, 0.15]",,,,,,,,,,,,,,,,,,,,,,,,,,,,,,521.935835500015,521.9443583000102,521.9443583000102,522.2019341000123,542.270575100003,554.644869700016,557.4664069999999,557.503766400012,557.503766400012,557.503766400012,557.503766400012,557.503766400012,557.503766400012,557.503766400012,557.503766400012,557.503766400012,557.503766400012,557.503766400012,557.503766400012,557.503766400012,557.503766400012,568.3233927999972,0,,,0,,,0,,,0,,,0,,,0,,,1,[10.818763099989155],[10.818773800012423],568.3238299000077,568.3322937000194,568.3322937000194,577.7753986000025,577.8129917000188,577.8222525000165,577.8222525000165,580.2411643000087,580.2583943000063,580.2681962000206,580.2681962000206,580.2681962000206,580.2681962000206,580.924739900016,space,0.6526312000059988,None,580.9285604000033,580.9674457999936,580.9674457999936,580.9674457999936,580.9674457999936,580.9674457999936,580.9674457999936,580.9674457999936,580.9674457999936,581.9661148000159,581.9950890000036,582.9484055000066,583.003129699995,583.9256217000075,583.9273799000075,583.9486549000139,583.9486549000139,583.9486549000139,583.9486549000139,583.9486549000139,583.9486549000139,0.0017724999925121665,583.9486549000139,0.0017724999925121665,583.9486549000139,586.6807753000176,[],nan,2.4,"[0.2073744999943301, 0.27178370000910945, 0.22426889999769628, 0.26400789999752305, 0.2631446000013966]",nan,0,11,[],[],[],[],[],[],[],[],"['space', 'space', 'space', 'space', 'space', 'space', 'space', 'space', 'space', 'space', 'space']","[0.29989900000509806, 0.5072734999994282, 0.7000232999853324, 0.9718069999944419, 1.2272209000075236, 1.4514898000052199, 1.691715299995849, 1.955723199993372, 2.196076099993661, 2.4592206999950577, 2.6998324999876786]","[0.31147629997576587, 0.31244389998028055, 0.39104479999514297, 0.3921420999977272, 0.3603982999920845, 0.3683555999887176, 0.4002811000100337, 0.3675836999900639, 0.3834406000096351, None, None]",None,586.6811146000109,586.6814001000021,586.684493800014,587.7049370000022,587.7049370000022,587.7049370000022,588.1872408000054,588.3049269000185,space,0.10979809999116696,None,,01,001,German,Left,2026-09-07_16h41.11.939,CRFT,,2025.1.1,59.91873821277205,2026-09-07 16h41.25.749347 +0200,1,
German,,1,1,0,,,,,,,,,,,,,,,,,,,,,0,space,0.4237026000046171,None,[],[],[],[],[],[],[],[],"['space', 'space', 'space', 'space', 'space', 'space', 'space', 'space', 'space', 'space', 'space']","[0.485249700024724, 0.8769888000097126, 1.1970195000176318, 1.6133049000054598, 1.941322600003332, 2.3486413000209723, 2.6288206000172067, 3.0541640000010375, 3.2688395000004675, 3.741639700019732, 3.9734241000260226]","[0.4884439999877941, 0.44105320001835935, 0.5050867999962065, 0.4155864000204019, 0.5123511000128929, 0.3840949999867007, 0.5283824999933131, 0.3350843000225723, 0.5759158000000753, None, None]",None,space,0.31297850000555627,None,,,,,,,,,2,0,2,0,,,,,,,,,0,1,1,0,588.3205637999927,,"[0.03, 0.06, 0.09, 0.12, 0.15]",,,,,,,,,,,,,,,,,,,,,,,,,,,,,,,,,,,,,,,,,,,,,,,,,,,,,,,,,,,,,,,,,,,,,,,,,,,,,,,,,588.3059041000088,588.3205637999927,588.3205637999927,588.3205637999927,588.3205637999927,588.7572155999951,space,0.4237026000046171,None,588.7607158000174,588.7986249999958,588.7986249999958,588.7986249999958,588.7986249999958,588.7986249999958,588.7986249999958,588.7986249999958,588.7986249999958,589.8056008999993,589.8381417000201,590.7835542999965,590.8347460000077,591.7570316000201,591.7590553000045,591.779062400019,591.779062400019,591.779062400019,591.779062400019,591.779062400019,591.779062400019,0.00203719999990426,591.779062400019,0.00203719999990426,591.779062400019,595.773795200017,[],nan,3.488,"[0.39173909998498857, 0.416285399987828, 0.40731870001764037, 0.42534339998383075, 0.4728002000192646]",nan,0,11,[],[],[],[],[],[],[],[],"['space', 'space', 'space', 'space', 'space', 'space', 'space', 'space', 'space', 'space', 'space']","[0.485249700024724, 0.8769888000097126, 1.1970195000176318, 1.6133049000054598, 1.941322600003332, 2.3486413000209723, 2.6288206000172067, 3.0541640000010375, 3.2688395000004675, 3.741639700019732, 3.9734241000260226]","[0.4884439999877941, 0.44105320001835935, 0.5050867999962065, 0.4155864000204019, 0.5123511000128929, 0.3840949999867007, 0.5283824999933131, 0.3350843000225723, 0.5759158000000753, None, None]",None,595.7741114000091,595.7744373000169,595.7773678000085,596.8080046999967,596.8080046999967,596.8080046999967,597.2872957999934,597.6110604999994,space,0.31297850000555627,None,,01,001,German,Left,2026-09-07_16h41.11.939,CRFT,,2025.1.1,59.91873821277205,2026-09-07 16h41.25.749347 +0200,1,
German,,2,2,0,,,,,,,,,,,,,,,,,,,,,2,space,0.31584039999870583,None,[],[],[],[],[],[],[],[],"['space', 'space', 'space', 'space', 'space', 'space', 'space', 'space', 'space', 'space', 'space']","[2.0795858000055887, 2.55954919999931, 2.8560809000045992, 3.255772100004833, 3.5358036999823526, 3.9764105000067502, 4.223544000007678, 4.6243457999953534, 4.880150299984962, 5.2557142000005115, 6.199734499998158]","[0.5847484999976587, 0.4168941999960225, 0.5043599999917205, 0.39270119997672737, 0.5525207000027876, 0.33598289999645203, 0.5051246999937575, 0.3442182999860961, 0.4634074000059627, None, None]",None,space,22.08013300001039,None,,,,,,,,,2,0,2,0,,,,,,,,,0,2,2,2,597.6211044999945,,"[0.03, 0.06, 0.09, 0.12, 0.15]",,,,,,,,,,,,,,,,,,,,,,,,,,,,,,,,,,,,,,,,,,,,,,,,,,,,,,,,,,,,,,,,,,,,,,,,,,,,,,,,,597.6122411999968,597.6211044999945,597.6211044999945,597.6211044999945,597.6211044999945,597.9417150999943,space,0.31584039999870583,None,597.9459315999993,597.9817132000171,597.9817132000171,597.9817132000171,597.9817132000171,597.9817132000171,597.9817132000171,597.9817132000171,597.9817132000171,598.9560325000202,599.0207445000124,599.9689912000031,599.9689912000031,600.9342760000145,600.9371496000094,600.9681790000177,600.9681790000177,600.9681790000177,600.9681790000177,600.9681790000177,600.9681790000177,0.002898200007621199,600.9681790000177,0.002898200007621199,600.9681790000177,607.1904695999983,[],nan,4.12,"[0.4799633999937214, 0.39969120000023395, 0.44060680002439767, 0.4008017999876756, 0.37556390001554973]",nan,0,11,[],[],[],[],[],[],[],[],"['space', 'space', 'space', 'space', 'space', 'space', 'space', 'space', 'space', 'space', 'space']","[2.0795858000055887, 2.55954919999931, 2.8560809000045992, 3.255772100004833, 3.5358036999823526, 3.9764105000067502, 4.223544000007678, 4.6243457999953534, 4.880150299984962, 5.2557142000005115, 6.199734499998158]","[0.5847484999976587, 0.4168941999960225, 0.5043599999917205, 0.39270119997672737, 0.5525207000027876, 0.33598289999645203, 0.5051246999937575, 0.3442182999860961, 0.4634074000059627, None, None]",None,607.1907627000182,607.1910448000126,607.1938856000197,608.2179686000163,608.2179686000163,608.2179686000163,608.7042507000151,630.7902990000148,space,22.08013300001039,None,,01,001,German,Left,2026-09-07_16h41.11.939,CRFT,,2025.1.1,59.91873821277205,2026-09-07 16h41.25.749347 +0200,1,
German,,3,3,0,,,,,,,,,,,,,,,,,,,,,1,space,0.7009664999786764,None,[],[],[],[],[],[],[],[],"['space', 'space', 'space', 'space', 'space', 'space', 'space', 'space', 'space', 'space', 'space']","[1.7996747999859508, 2.318943999998737, 2.6789385000010952, 3.3990837000019383, 3.6953008999989834, 4.022978099994361, 4.3279282999865245, 4.655563100008294, 7.238926299993182, 7.631555200001458, 7.919372000003932]","[0.6239153000060469, 0.48105619999114424, 0.8082934999838471, 0.408646800002316, 0.44776270000147633, 0.4245043999981135, 0.4157413000066299, 2.720083299995167, 0.47208279999904335, None, None]",None,space,1.2259435000014491,None,,,,,,,,,2,0,2,0,,,,,,,,,0,3,3,1,630.8043131000013,,"[0.03, 0.06, 0.09, 0.12, 0.15]",,,,,,,,,,,,,,,,,,,,,,,,,,,,,,,,,,,,,,,,,,,,,,,,,,,,,,,,,,,,,,,,,,,,,,,,,,,,,,,,,630.7912380000053,630.8043131000013,630.8043131000013,630.8043131000013,630.8043131000013,631.5092555000156,space,0.7009664999786764,None,631.5129500000039,631.5480289999978,631.5480289999978,631.5480289999978,631.5480289999978,631.5480289999978,631.5480289999978,631.5480289999978,631.5480289999978,632.5324075999961,632.5610586999974,633.5265114000067,633.5555739999982,634.5265679000004,634.5286611000192,634.5528318000142,634.5528318000142,634.5528318000142,634.5528318000142,634.5528318000142,634.5528318000142,0.0021106000058352947,634.5528318000142,0.0021106000058352947,634.5528318000142,642.4921002000046,"[0, 0]",5.864,6.12,"[0.5192692000127863, 0.720145200000843, 0.32767719999537803, 0.3276348000217695, 0.3926289000082761]",1596.0,2,11,[],[],[],[],[],[],[],[],"['space', 'space', 'space', 'space', 'space', 'space', 'space', 'space', 'space', 'space', 'space']","[1.7996747999859508, 2.318943999998737, 2.6789385000010952, 3.3990837000019383, 3.6953008999989834, 4.022978099994361, 4.3279282999865245, 4.655563100008294, 7.238926299993182, 7.631555200001458, 7.919372000003932]","[0.6239153000060469, 0.48105619999114424, 0.8082934999838471, 0.408646800002316, 0.44776270000147633, 0.4245043999981135, 0.4157413000066299, 2.720083299995167, 0.47208279999904335, None, None]",None,642.4926259000204,642.4930311999924,642.4968521000119,643.5198518999969,643.5198518999969,643.5198518999969,644.0057585000177,645.2397294999973,space,1.2259435000014491,None,634.5528318000142,01,001,German,Left,2026-09-07_16h41.11.939,CRFT,,2025.1.1,59.91873821277205,2026-09-07 16h41.25.749347 +0200,1,
German,,4,4,0,,,,,,,,,,,,,,,,,,,,,3,space,79.69776739997906,None,[],[],[],[],[],[],[],[],"['space', 'space', 'space', 'space', 'space', 'space', 'space', 'space', 'space', 'space', 'space']","[3.631062100001145, 5.182822400005534, 5.526505599991651, 5.782324500003597, 6.054710900003556, 7.974996600009035, 8.494206800009124, 9.134856899996521, 14.854690000007395, 19.598243899992667, 20.775020500004757]","[1.6401227000169456, 0.44759480000357144, 0.3681473000033293, 0.37599269999191165, 2.0719095999957062, 0.6561670000082813, 0.7452822999912314, 5.791844999999739, 4.831466300005559, None, None]",None,space,1.4652434999879915,None,,,,,,,,,2,0,2,0,,,,,,,,,0,4,4,3,645.2546165999956,,"[0.03, 0.06, 0.09, 0.12, 0.15]",,,,,,,,,,,,,,,,,,,,,,,,,,,,,,,,,,,,,,,,,,,,,,,,,,,,,,,,,,,,,,,,,,,,,,,,,,,,,,,,,645.2405173000006,645.2546165999956,645.2546165999956,645.2546165999956,645.2546165999956,724.9599395999976,space,79.69776739997906,None,724.9635268000129,725.0027991000097,725.0027991000097,725.0027991000097,725.0027991000097,725.0027991000097,725.0027991000097,725.0027991000097,725.0027991000097,725.9792386000045,726.0331141000206,726.9900677000114,727.0202360000112,727.9824349000119,727.9850473999977,728.0094342000084,728.0094342000084,728.0094342000084,728.0094342000084,728.0094342000084,728.0094342000084,0.002630300004966557,728.0094342000084,0.002630300004966557,728.0094342000084,748.8129409000103,[],nan,17.144,"[1.5517603000043891, 0.2558189000119455, 1.9202857000054792, 0.640650099987397, 4.743553899985272]",nan,0,11,[],[],[],[],[],[],[],[],"['space', 'space', 'space', 'space', 'space', 'space', 'space', 'space', 'space', 'space', 'space']","[3.631062100001145, 5.182822400005534, 5.526505599991651, 5.782324500003597, 6.054710900003556, 7.974996600009035, 8.494206800009124, 9.134856899996521, 14.854690000007395, 19.598243899992667, 20.775020500004757]","[1.6401227000169456, 0.44759480000357144, 0.3681473000033293, 0.37599269999191165, 2.0719095999957062, 0.6561670000082813, 0.7452822999912314, 5.791844999999739, 4.831466300005559, None, None]",None,748.8134744999988,748.8139077000087,748.8182032000041,749.8427973999933,749.8427973999933,749.8427973999933,750.3114298,751.7791665999976,space,1.4652434999879915,None,728.0094342000084,01,001,German,Left,2026-09-07_16h41.11.939,CRFT,,2025.1.1,59.91873821277205,2026-09-07 16h41.25.749347 +0200,1,
German,,0,0,0,,,,,,,,,,,,,,,,,,,,,3,space,2.992181099980371,None,[],[],[],[],[],[],[],[],"['space', 'space', 'space', 'space', 'space', 'space', 'space', 'space', 'space', 'space', 'space']","[3.6268469999777153, 5.02726159998565, 6.043863299972145, 6.875077399978181, 7.4356938999844715, 7.907528899988392, 8.410780899983365, 9.115585399995325, 9.610939599981066, 10.194768899993505, 10.962923899991438]","[1.4886004000145476, 1.0723156000021845, 0.9190204000042286, 0.648106300010113, 0.5759850000031292, 0.607758099999046, 0.8165908000082709, 0.5990656999929342, 0.6959048999997322, None, None]",None,space,74.43463790000533,None,,,,,,,,,3,0,3,0,,,,,,,,,0,0,0,3,755.575869799999,,"[0.01176, 0.02353, 0.05, 0.1, 0.20588]",,,,,,,,,,,,,,,,,,,,,,,,,,,,,,751.8162529999972,751.8258275999979,751.8258275999979,752.9436265999975,,,,,,,,,,,,,,,,,,,,,,,,,,,,,,,,,,,,,,,,,,,,752.9461760999984,752.9564969000057,752.9564969000057,755.5437539000122,755.5656026999932,755.575869799999,755.575869799999,755.575869799999,755.575869799999,758.5761551000178,space,2.992181099980371,None,758.5794472999987,758.6145739000058,758.6145739000058,758.6145739000058,758.6145739000058,758.6145739000058,758.6145739000058,758.6145739000058,758.6145739000058,759.5885053999955,759.6424688000116,760.5857899000112,760.6106377000106,761.5772138000175,761.5787798000092,761.5969341000018,761.5969341000018,761.5969341000018,761.5969341000018,761.5969341000018,761.5969341000018,0.0015792000049259514,761.5969341000018,0.0015792000049259514,761.5969341000018,772.5835064999992,[],nan,7.336,"[1.4004146000079345, 0.8312141000060365, 0.47183500000392087, 0.70480450001196, 0.5838293000124395]",nan,0,11,[],[],[],[],[],[],[],[],"['space', 'space', 'space', 'space', 'space', 'space', 'space', 'space', 'space', 'space', 'space']","[3.6268469999777153, 5.02726159998565, 6.043863299972145, 6.875077399978181, 7.4356938999844715, 7.907528899988392, 8.410780899983365, 9.115585399995325, 9.610939599981066, 10.194768899993505, 10.962923899991438]","[1.4886004000145476, 1.0723156000021845, 0.9190204000042286, 0.648106300010113, 0.5759850000031292, 0.607758099999046, 0.8165908000082709, 0.5990656999929342, 0.6959048999997322, None, None]",None,772.5838237999997,772.5841798000038,772.5872069000034,773.6066061000165,773.6066061000165,773.6066061000165,774.093875999999,848.5458389999985,space,74.43463790000533,None,761.5969341000018,01,001,German,Left,2026-09-07_16h41.11.939,CRFT,,2025.1.1,59.91873821277205,2026-09-07 16h41.25.749347 +0200,1,
German,,1,1,0,,,,,,,,,,,,,,,,,,,,,4,space,0.5274072999891359,None,[],[],[],[],[],[],[],[],"['space', 'space', 'space', 'space', 'space', 'space', 'space', 'space', 'space', 'space', 'space']","[1.9859820999845397, 2.265695499983849, 2.4898625999921933, 2.7291507000045385, 2.9864071999909356, 3.249386199982837, 3.481766599987168, 3.7292033999983687, 3.969672499981243, 4.23348269998678, 4.545924099977128]","[0.35155089999898337, 0.31176360000972636, 0.3279612000042107, 0.3444442999898456, 0.3516779000055976, 0.3207213999994565, 0.3603352000063751, 0.3442180999845732, 0.36816760001238436, None, None]",None,space,2.301191500009736,None,,,,,,,,,3,0,3,0,,,,,,,,,0,1,1,4,848.5617541999964,,"[0.01176, 0.02353, 0.05, 0.1, 0.20588]",,,,,,,,,,,,,,,,,,,,,,,,,,,,,,,,,,,,,,,,,,,,,,,,,,,,,,,,,,,,,,,,,,,,,,,,,,,,,,,,,848.5469026000064,848.5617541999964,848.5617541999964,848.5617541999964,848.5617541999964,849.0986191999982,space,0.5274072999891359,None,849.102143600001,849.1405438999936,849.1405438999936,849.1405438999936,849.1405438999936,849.1405438999936,849.1405438999936,849.1405438999936,849.1405438999936,850.1152490999957,850.1731818999979,851.1269158000068,851.1269158000068,852.091244500014,852.0933364999946,852.118466600019,852.118466600019,852.118466600019,852.118466600019,852.118466600019,852.118466600019,0.002109899971401319,852.118466600019,0.002109899971401319,852.118466600019,856.6876190000039,[],nan,2.56,"[0.27971339999930933, 0.23928810001234524, 0.2629789999919012, 0.24743680001120083, 0.2638102000055369]",nan,0,11,[],[],[],[],[],[],[],[],"['space', 'space', 'space', 'space', 'space', 'space', 'space', 'space', 'space', 'space', 'space']","[1.9859820999845397, 2.265695499983849, 2.4898625999921933, 2.7291507000045385, 2.9864071999909356, 3.249386199982837, 3.481766599987168, 3.7292033999983687, 3.969672499981243, 4.23348269998678, 4.545924099977128]","[0.35155089999898337, 0.31176360000972636, 0.3279612000042107, 0.3444442999898456, 0.3516779000055976, 0.3207213999994565, 0.3603352000063751, 0.3442180999845732, 0.36816760001238436, None, None]",None,856.6879703000013,856.6882971000159,856.6919310000085,857.7075551000016,857.7075551000016,857.7075551000016,858.1949748000188,860.5127635000099,space,2.301191500009736,None,,01,001,German,Left,2026-09-07_16h41.11.939,CRFT,,2025.1.1,59.91873821277205,2026-09-07 16h41.25.749347 +0200,1,
German,,2,2,0,,,,,,,,,,,,,,,,,,,,,1,space,2.7199619000020903,None,[],[],[],[],[],[],[],[],"['space', 'space', 'space', 'space', 'space', 'space', 'space', 'space', 'space', 'space', 'space']","[1.8191387000260875, 2.593997100018896, 3.114212700020289, 3.9938050000055227, 4.601496100018267, 5.673903200018685, 6.2417568000091705, 7.209778100019321, 7.697709900006885, 8.737899300002027, 11.073864600009983]","[0.8469904999947175, 0.6315646999864839, 0.9832310999918263, 0.7280037000018638, 1.208446600008756, 0.6887105999921914, 1.056146599992644, 0.6164234000025317, 1.1606708000181243, None, None]",None,space,2.9929510000220034,None,,,,,,,,,3,0,3,0,,,,,,,,,0,2,2,1,860.5282092000125,,"[0.01176, 0.02353, 0.05, 0.1, 0.20588]",,,,,,,,,,,,,,,,,,,,,,,,,,,,,,,,,,,,,,,,,,,,,,,,,,,,,,,,,,,,,,,,,,,,,,,,,,,,,,,,,860.5135849000071,860.5282092000125,860.5282092000125,860.5282092000125,860.5282092000125,863.2638547999959,space,2.7199619000020903,None,863.2661798000045,863.301950699999,863.301950699999,863.301950699999,863.301950699999,863.301950699999,863.301950699999,863.301950699999,863.301950699999,864.2736817999976,864.3301510000019,865.2938389000192,865.2938389000192,866.2609481000109,866.2627986000152,866.2860683000181,866.2860683000181,866.2860683000181,866.2860683000181,866.2860683000181,866.2860683000181,0.0018640000198502094,866.2860683000181,0.0018640000198502094,866.2860683000181,877.3815412000113,[],nan,9.255,"[0.7748583999928087, 0.8795922999852337, 1.0724071000004187, 0.9680213000101503, 1.0401893999951426]",nan,0,11,[],[],[],[],[],[],[],[],"['space', 'space', 'space', 'space', 'space', 'space', 'space', 'space', 'space', 'space', 'space']","[1.8191387000260875, 2.593997100018896, 3.114212700020289, 3.9938050000055227, 4.601496100018267, 5.673903200018685, 6.2417568000091705, 7.209778100019321, 7.697709900006885, 8.737899300002027, 11.073864600009983]","[0.8469904999947175, 0.6315646999864839, 0.9832310999918263, 0.7280037000018638, 1.208446600008756, 0.6887105999921914, 1.056146599992644, 0.6164234000025317, 1.1606708000181243, None, None]",None,877.3818304000015,877.38208510002,877.384877000004,878.4066291000054,878.4066291000054,878.4066291000054,878.8952096000139,881.8965836999996,space,2.9929510000220034,None,,01,001,German,Left,2026-09-07_16h41.11.939,CRFT,,2025.1.1,59.91873821277205,2026-09-07 16h41.25.749347 +0200,1,
German,,3,3,0,,,,,,,,,,,,,,,,,,,,,0,space,0.5683346999867354,None,[],[],[],[],[],[],[],[],"['space', 'space', 'space', 'space', 'space', 'space', 'space', 'space', 'space', 'space', 'space']","[1.5034583000233397, 2.623221400019247, 3.11992990001454, 4.215395400009584, 4.711090700002387, 5.7117052000248805, 6.184170000022277, 7.127178199996706, 7.575350099999923, 9.943312700022943, 10.983587199996691]","[1.2236230999988038, 0.6000518999935593, 1.2321138999832328, 0.6478541000105906, 1.1526290000183508, 0.5760390999785159, 1.0785889999824576, 0.5678232000209391, 2.5364457000105176, None, None]",None,space,8.034550400014268,None,,,,,,,,,3,0,3,0,,,,,,,,,0,3,3,0,881.9120727000118,,"[0.01176, 0.02353, 0.05, 0.1, 0.20588]",,,,,,,,,,,,,,,,,,,,,,,,,,,,,,,,,,,,,,,,,,,,,,,,,,,,,,,,,,,,,,,,,,,,,,,,,,,,,,,,,881.8975593000068,881.9120727000118,881.9120727000118,881.9120727000118,881.9120727000118,882.4998840000189,space,0.5683346999867354,None,882.5038946999994,882.5458126000012,882.5458126000012,882.5458126000012,882.5458126000012,882.5458126000012,882.5458126000012,882.5458126000012,882.5458126000012,883.5138587999973,883.5736757999985,884.5354193999956,884.5354193999956,885.4941114000103,885.4961673000071,885.5207152999938,885.5207152999938,885.5207152999938,885.5207152999938,885.5207152999938,885.5207152999938,0.0020711999968625605,885.5207152999938,0.0020711999968625605,885.5207152999938,896.5321135999984,[],nan,9.48,"[1.1197630999959074, 1.0954654999950435, 1.0006145000224933, 0.9430081999744289, 2.36796260002302]",nan,0,11,[],[],[],[],[],[],[],[],"['space', 'space', 'space', 'space', 'space', 'space', 'space', 'space', 'space', 'space', 'space']","[1.5034583000233397, 2.623221400019247, 3.11992990001454, 4.215395400009584, 4.711090700002387, 5.7117052000248805, 6.184170000022277, 7.127178199996706, 7.575350099999923, 9.943312700022943, 10.983587199996691]","[1.2236230999988038, 0.6000518999935593, 1.2321138999832328, 0.6478541000105906, 1.1526290000183508, 0.5760390999785159, 1.0785889999824576, 0.5678232000209391, 2.5364457000105176, None, None]",None,896.5324421999976,896.5327638000017,896.5360404000094,897.5616798000119,897.5616798000119,897.5616798000119,898.0453522000171,906.096660500014,space,8.034550400014268,None,,01,001,German,Left,2026-09-07_16h41.11.939,CRFT,,2025.1.1,59.91873821277205,2026-09-07 16h41.25.749347 +0200,1,
German,,4,4,0,,,,,,,,,,,,,,,,,,,,,2,space,0.91957630001707,None,[],[],[],[],[],[],[],[],"['space', 'space', 'space', 'space', 'space', 'space', 'space', 'space', 'space', 'space', 'space']","[0.36132170000928454, 0.8895194999931846, 1.4411465000011958, 2.073719300009543, 2.473779199994169, 3.017137599992566, 3.505089400016004, 3.8890814000042155, 4.336998800019501, 4.881873900012579, 5.27364289999241]","[0.6642628999834415, 0.6636084000056144, 0.7358821000088938, 0.504364299995359, 0.6478831999993417, 0.5764741000020877, 0.4883112999959849, 0.553166700003203, 0.6560296999814454, None, None]",None,space,0.3686571999860462,None,,,,,,,,,3,0,3,0,,,,,,,,,0,4,4,2,906.1122141999949,,"[0.01176, 0.02353, 0.05, 0.1, 0.20588]",,,,,,,,,,,,,,,,,,,,,,,,,,,,,,,,,,,,,,,,,,,,,,,,,,,,,,,,,,,,,,,,,,,,,,,,,,,,,,,,,906.0975237000093,906.1122141999949,906.1122141999949,906.1122141999949,906.1122141999949,907.0480857999937,space,0.91957630001707,None,907.0504482999968,907.0845849000034,907.0845849000034,907.0845849000034,907.0845849000034,907.0845849000034,907.0845849000034,907.0845849000034,907.0845849000034,908.0691135000088,908.0957078000065,909.0670803000103,909.0940310000151,910.0399040000048,910.0434060000116,910.0704565000196,910.0704565000196,910.0704565000196,910.0704565000196,910.0704565000196,910.0704565000196,0.0035251000081188977,910.0704565000196,0.0035251000081188977,910.0704565000196,915.3661838000116,[],nan,4.912,"[0.5281977999839, 0.6325728000083473, 0.5433583999983966, 0.3839919999882113, 0.544875099993078]",nan,0,11,[],[],[],[],[],[],[],[],"['space', 'space', 'space', 'space', 'space', 'space', 'space', 'space', 'space', 'space', 'space']","[0.36132170000928454, 0.8895194999931846, 1.4411465000011958, 2.073719300009543, 2.473779199994169, 3.017137599992566, 3.505089400016004, 3.8890814000042155, 4.336998800019501, 4.881873900012579, 5.27364289999241]","[0.6642628999834415, 0.6636084000056144, 0.7358821000088938, 0.504364299995359, 0.6478831999993417, 0.5764741000020877, 0.4883112999959849, 0.553166700003203, 0.6560296999814454, None, None]",None,915.366557500005,915.3669411000155,915.3707061000168,916.3947040000057,916.3947040000057,916.3947040000057,916.8789254000003,917.2635081000044,space,0.3686571999860462,None,,01,001,German,Left,2026-09-07_16h41.11.939,CRFT,,2025.1.1,59.91873821277205,2026-09-07 16h41.25.749347 +0200,1,
German,,5,0,1,,,,,,,,,,,,,,,,,,,,,4,space,0.2734164000139572,None,[],[],[],[],[],[],[],[],"['space', 'space', 'space', 'space', 'space', 'space', 'space', 'space', 'space', 'space', 'space']","[0.30890940001700073, 0.7174799000204075, 1.0286898000049405, 1.349171000008937, 1.7092276000184938, 2.117687300022226, 2.429747900023358, 2.8045431000064127, 3.077149700024165, 3.4296504000085406, 3.7253398000029847]","[0.5125003999855835, 0.3993004999938421, 0.4322478999965824, 0.45549960000789724, 0.4962855000048876, 0.39916050000465475, 0.46325879998039454, 0.33701819999259897, 0.4396682999795303, None, None]",None,space,0.33793309997417964,None,,,,,,,,,3,0,3,0,,,,,,,,,1,0,5,4,917.2791660999937,,"[0.01176, 0.02353, 0.05, 0.1, 0.20588]",,,,,,,,,,,,,,,,,,,,,,,,,,,,,,,,,,,,,,,,,,,,,,,,,,,,,,,,,,,,,,,,,,,,,,,,,,,,,,,,,917.2644179000054,917.2791660999937,917.2791660999937,917.2791660999937,917.2791660999937,917.5659759000118,space,0.2734164000139572,None,917.5695470999926,917.6050516999967,917.6050516999967,917.6050516999967,917.6050516999967,917.6050516999967,917.6050516999967,917.6050516999967,917.6050516999967,918.5982360000198,918.627052900003,919.6081994000124,919.6466405999963,920.5587907000154,920.561199000018,920.5869137000118,920.5869137000118,920.5869137000118,920.5869137000118,920.5869137000118,920.5869137000118,0.0024132999824360013,920.5869137000118,0.0024132999824360013,920.5869137000118,924.337595799996,[],nan,3.416,"[0.4085705000034068, 0.3204812000039965, 0.408459700003732, 0.37479519998305477, 0.3525006999843754]",nan,0,11,[],[],[],[],[],[],[],[],"['space', 'space', 'space', 'space', 'space', 'space', 'space', 'space', 'space', 'space', 'space']","[0.30890940001700073, 0.7174799000204075, 1.0286898000049405, 1.349171000008937, 1.7092276000184938, 2.117687300022226, 2.429747900023358, 2.8045431000064127, 3.077149700024165, 3.4296504000085406, 3.7253398000029847]","[0.5125003999855835, 0.3993004999938421, 0.4322478999965824, 0.45549960000789724, 0.4962855000048876, 0.39916050000465475, 0.46325879998039454, 0.33701819999259897, 0.4396682999795303, None, None]",None,924.3380280999991,924.3384385000099,924.3420459000045,925.3614222000178,925.3614222000178,925.3614222000178,925.8458805000118,926.199724200007,space,0.33793309997417964,None,,01,001,German,Left,2026-09-07_16h41.11.939,CRFT,,2025.1.1,59.91873821277205,2026-09-07 16h41.25.749347 +0200,1,
German,,6,1,1,,,,,,,,,,,,,,,,,,,,,2,space,0.4442935999832116,None,[],[],[],[],[],[],[],[],"['space', 'space', 'space', 'space', 'space', 'space', 'space', 'space', 'space', 'space', 'space']","[0.2657708000042476, 0.8035783999948762, 1.1547408000042196, 1.7226873000035994, 2.1059635000128765, 2.6666332999884617, 3.026603600010276, 3.6419599000073504, 4.017830900003901, 4.507357900001807, 4.794162900012452]","[0.6082785000035074, 0.430454200017266, 0.6469750999822281, 0.45537479998893104, 0.6557286999886855, 0.4319464000000153, 0.6950871000008192, 0.464114200003678, 0.5449046999856364, None, None]",None,space,0.5700971999904141,None,,,,,,,,,3,0,3,0,,,,,,,,,1,1,6,2,926.2127244000148,,"[0.01176, 0.02353, 0.05, 0.1, 0.20588]",,,,,,,,,,,,,,,,,,,,,,,,,,,,,,,,,,,,,,,,,,,,,,,,,,,,,,,,,,,,,,,,,,,,,,,,,,,,,,,,,926.2005830999988,926.2127244000148,926.2127244000148,926.2127244000148,926.2127244000148,926.665817000001,space,0.4442935999832116,None,926.6689230000193,926.7088743000058,926.7088743000058,926.7088743000058,926.7088743000058,926.7088743000058,926.7088743000058,926.7088743000058,926.7088743000058,927.7028887000051,927.7298497000011,928.6843296000152,928.7382021000085,929.6704911999987,929.673695000005,929.7017628000176,929.7017628000176,929.7017628000176,929.7017628000176,929.7017628000176,929.7017628000176,0.0032273000106215477,929.7017628000176,0.0032273000106215477,929.7017628000176,934.5225749000092,[],nan,4.528,"[0.5378075999906287, 0.5679464999993797, 0.5606697999755852, 0.6153562999970745, 0.4895269999979064]",nan,0,11,[],[],[],[],[],[],[],[],"['space', 'space', 'space', 'space', 'space', 'space', 'space', 'space', 'space', 'space', 'space']","[0.2657708000042476, 0.8035783999948762, 1.1547408000042196, 1.7226873000035994, 2.1059635000128765, 2.6666332999884617, 3.026603600010276, 3.6419599000073504, 4.017830900003901, 4.507357900001807, 4.794162900012452]","[0.6082785000035074, 0.430454200017266, 0.6469750999822281, 0.45537479998893104, 0.6557286999886855, 0.4319464000000153, 0.6950871000008192, 0.464114200003678, 0.5449046999856364, None, None]",None,934.5232401000103,934.5238495999947,934.5287588000065,935.5444063000032,935.5444063000032,935.5444063000032,936.02938610001,936.6136277000187,space,0.5700971999904141,None,,01,001,German,Left,2026-09-07_16h41.11.939,CRFT,,2025.1.1,59.91873821277205,2026-09-07 16h41.25.749347 +0200,1,
German,,7,2,1,,,,,,,,,,,,,,,,,,,,,0,space,0.4343789000122342,None,[],[],[],[],[],[],[],[],"['space', 'space', 'space', 'space', 'space', 'space', 'space', 'space', 'space', 'space', 'space']","[0.3088016999827232, 1.2052541000011843, 1.8611373000021558, 2.940875899977982, 3.524975199979963, 4.476082499983022, 4.981018999998923, 5.908675499988021, 6.348453699989477, 7.324473999993643, 7.78061039999011]","[0.9676850000105333, 0.7591878999955952, 1.1676305999862961, 0.6715478000114672, 1.0318364000122529, 0.5923466999956872, 1.031963099987479, 0.5274947000143584, 1.0560522000014316, None, None]",None,space,0.3311735999886878,None,,,,,,,,,3,0,3,0,,,,,,,,,1,2,7,0,936.6295078000112,,"[0.01176, 0.02353, 0.05, 0.1, 0.20588]",,,,,,,,,,,,,,,,,,,,,,,,,,,,,,,,,,,,,,,,,,,,,,,,,,,,,,,,,,,,,,,,,,,,,,,,,,,,,,,,,936.6144544999988,936.6295078000112,936.6295078000112,936.6295078000112,936.6295078000112,937.0675785000203,space,0.4343789000122342,None,937.0711900000169,937.1080613000086,937.1080613000086,937.1080613000086,937.1080613000086,937.1080613000086,937.1080613000086,937.1080613000086,937.1080613000086,938.1147371999978,938.1428371999937,939.1008635000035,939.1330884000054,940.0738677000045,940.0762257000024,940.0994584000146,940.0994584000146,940.0994584000146,940.0994584000146,940.0994584000146,940.0994584000146,0.002374199975747615,940.0994584000146,0.002374199975747615,940.0994584000146,947.8997374000028,[],nan,7.472,"[0.896452400018461, 1.0797385999758262, 0.9511073000030592, 0.9276564999890979, 0.9760203000041656]",nan,0,11,[],[],[],[],[],[],[],[],"['space', 'space', 'space', 'space', 'space', 'space', 'space', 'space', 'space', 'space', 'space']","[0.3088016999827232, 1.2052541000011843, 1.8611373000021558, 2.940875899977982, 3.524975199979963, 4.476082499983022, 4.981018999998923, 5.908675499988021, 6.348453699989477, 7.324473999993643, 7.78061039999011]","[0.9676850000105333, 0.7591878999955952, 1.1676305999862961, 0.6715478000114672, 1.0318364000122529, 0.5923466999956872, 1.031963099987479, 0.5274947000143584, 1.0560522000014316, None, None]",None,947.9000912000192,947.9004147000087,947.9038986999949,948.9349577999965,948.9349577999965,948.9349577999965,949.4128878000192,949.757677799993,space,0.3311735999886878,None,,01,001,German,Left,2026-09-07_16h41.11.939,CRFT,,2025.1.1,59.91873821277205,2026-09-07 16h41.25.749347 +0200,1,
German,,8,3,1,,,,,,,,,,,,,,,,,,,,,1,space,0.41632180000306107,None,[],[],[],[],[],[],[],[],"['space', 'space', 'space', 'space', 'space', 'space', 'space', 'space', 'space', 'space', 'space']","[0.330839800008107, 0.7949408999993466, 1.362829799996689, 1.955572700011544, 2.570540399989113, 3.1066941000171937, 3.6347998999990523, 4.178911499999231, 4.627295600017533, 5.099102500011213, 5.5631855000101496]","[0.5519931000017095, 0.6556325000128709, 0.6797513000201434, 0.7114783999859355, 0.632578500022646, 0.6001959999848623, 0.6643330999941099, 0.5520947999903001, 0.5674696999776643, None, None]",None,space,0.4065649999829475,None,,,,,,,,,3,0,3,0,,,,,,,,,1,3,8,1,949.7674410000036,,"[0.01176, 0.02353, 0.05, 0.1, 0.20588]",,,,,,,,,,,,,,,,,,,,,,,,,,,,,,,,,,,,,,,,,,,,,,,,,,,,,,,,,,,,,,,,,,,,,,,,,,,,,,,,,949.758791900007,949.7674410000036,949.7674410000036,949.7674410000036,949.7674410000036,950.1997775000054,space,0.41632180000306107,None,950.2033669000084,950.2427046000084,950.2427046000084,950.2427046000084,950.2427046000084,950.2427046000084,950.2427046000084,950.2427046000084,950.2427046000084,951.2425604000164,951.2767532000144,952.2139171000163,952.2719707000069,953.2000937999983,953.2016079000023,953.2209398999985,953.2209398999985,953.2209398999985,953.2209398999985,953.2209398999985,953.2209398999985,0.0015247999981511384,953.2209398999985,0.0015247999981511384,953.2209398999985,958.8083890000125,[],nan,5.232,"[0.4641010999912396, 0.592742900014855, 0.5361537000280805, 0.5441116000001784, 0.4718068999936804]",nan,0,11,[],[],[],[],[],[],[],[],"['space', 'space', 'space', 'space', 'space', 'space', 'space', 'space', 'space', 'space', 'space']","[0.330839800008107, 0.7949408999993466, 1.362829799996689, 1.955572700011544, 2.570540399989113, 3.1066941000171937, 3.6347998999990523, 4.178911499999231, 4.627295600017533, 5.099102500011213, 5.5631855000101496]","[0.5519931000017095, 0.6556325000128709, 0.6797513000201434, 0.7114783999859355, 0.632578500022646, 0.6001959999848623, 0.6643330999941099, 0.5520947999903001, 0.5674696999776643, None, None]",None,958.808754800004,958.8091202999931,958.8125201000075,959.8352653000038,959.8352653000038,959.8352653000038,960.3130641000171,960.7383526000194,space,0.4065649999829475,None,953.2209398999985,01,001,German,Left,2026-09-07_16h41.11.939,CRFT,,2025.1.1,59.91873821277205,2026-09-07 16h41.25.749347 +0200,1,
German,,9,4,1,,,,,,,,,,,,,,,,,,,,,3,space,0.2603520000120625,None,[],[],[],[],[],[],[],[],"['space', 'space', 'space', 'space', 'space', 'space', 'space', 'space', 'space', 'space', 'space']","[0.27521220000926405, 0.6986835999996401, 1.194559499999741, 1.6422745999880135, 2.1312591999885626, 2.666721299989149, 3.083037200005492, 3.522856800002046, 3.8826414000068326, 4.2502800000074785, 4.594260399986524]","[0.5210460999805946, 0.6006684000021778, 0.5690597000066191, 0.6244198000058532, 0.6236434000020381, 0.5205383000138681, 0.5680274000042118, 0.47205379998194985, 0.48761529999319464, None, None]",None,space,0.3975540999963414,None,,,,,,,,,3,0,3,0,,,,,,,,,1,4,9,3,960.7483394000155,,"[0.01176, 0.02353, 0.05, 0.1, 0.20588]",,,,,,,,,,,,,,,,,,,,,,,,,,,,,,,,,,,,,,,,,,,,,,,,,,,,,,,,,,,,,,,,,,,,,,,,,,,,,,,,,960.7395180000167,960.7483394000155,960.7483394000155,960.7483394000155,960.7483394000155,961.0161124000151,space,0.2603520000120625,None,961.0196752000193,961.0596381000069,961.0596381000069,961.0596381000069,961.0596381000069,961.0596381000069,961.0596381000069,961.0596381000069,961.0596381000069,962.0455280000169,962.0723651000008,963.0410800999962,963.0662885000056,964.0218000000168,964.023777800001,964.0451754000096,964.0451754000096,964.0451754000096,964.0451754000096,964.0451754000096,964.0451754000096,0.001994699996430427,964.0451754000096,0.001994699996430427,964.0451754000096,968.6589459000097,[],nan,4.319,"[0.4234713999903761, 0.4477150999882724, 0.5354621000005864, 0.43981959999655373, 0.36763860000064597]",nan,0,11,[],[],[],[],[],[],[],[],"['space', 'space', 'space', 'space', 'space', 'space', 'space', 'space', 'space', 'space', 'space']","[0.27521220000926405, 0.6986835999996401, 1.194559499999741, 1.6422745999880135, 2.1312591999885626, 2.666721299989149, 3.083037200005492, 3.522856800002046, 3.8826414000068326, 4.2502800000074785, 4.594260399986524]","[0.5210460999805946, 0.6006684000021778, 0.5690597000066191, 0.6244198000058532, 0.6236434000020381, 0.5205383000138681, 0.5680274000042118, 0.47205379998194985, 0.48761529999319464, None, None]",None,968.6593432000082,968.6597125999979,968.6636589000118,969.6754002000089,969.6754002000089,969.6754002000089,970.1631078000064,970.5641496000171,space,0.3975540999963414,None,,01,001,German,Left,2026-09-07_16h41.11.939,CRFT,,2025.1.1,59.91873821277205,2026-09-07 16h41.25.749347 +0200,1,
German,,10,0,2,,,,,,,,,,,,,,,,,,,,,0,space,0.25306680001085624,None,[],[],[],[],[],[],[],[],"['space', 'space', 'space', 'space', 'space', 'space', 'space', 'space', 'space', 'space', 'space']","[0.26642259999061935, 0.9857820000033826, 1.578062599990517, 2.5700967999873683, 3.0576882000023033, 3.8579529999988154, 4.225624799990328, 5.025548899982823, 5.370098799990956, 6.098302300000796, 6.394518399989465]","[0.839201700000558, 0.6879498999915086, 1.1121748000150546, 0.6082654000201728, 0.9205056999926455, 0.471855499985395, 0.9205122000130359, 0.48015400001895614, 0.8317707999958657, None, None]",None,space,0.3305191000108607,None,,,,,,,,,3,0,3,0,,,,,,,,,2,0,10,0,970.579882799997,,"[0.01176, 0.02353, 0.05, 0.1, 0.20588]",,,,,,,,,,,,,,,,,,,,,,,,,,,,,,,,,,,,,,,,,,,,,,,,,,,,,,,,,,,,,,,,,,,,,,,,,,,,,,,,,970.5650026999938,970.579882799997,970.579882799997,970.579882799997,970.579882799997,970.8499180999934,space,0.25306680001085624,None,970.8534332000127,970.8892871999997,970.8892871999997,970.8892871999997,970.8892871999997,970.8892871999997,970.8892871999997,970.8892871999997,970.8892871999997,971.8682399000099,971.9356070999929,972.8811032999947,972.8811032999947,973.8576109000132,973.8600569000118,973.8859010000015,973.8859010000015,973.8859010000015,973.8859010000015,973.8859010000015,973.8859010000015,0.0024702000082470477,973.8859010000015,0.0024702000082470477,973.8859010000015,980.304132499994,[],nan,6.128,"[0.7193594000127632, 0.9920341999968514, 0.800264799996512, 0.799924099992495, 0.7282035000098404]",nan,0,11,[],[],[],[],[],[],[],[],"['space', 'space', 'space', 'space', 'space', 'space', 'space', 'space', 'space', 'space', 'space']","[0.26642259999061935, 0.9857820000033826, 1.578062599990517, 2.5700967999873683, 3.0576882000023033, 3.8579529999988154, 4.225624799990328, 5.025548899982823, 5.370098799990956, 6.098302300000796, 6.394518399989465]","[0.839201700000558, 0.6879498999915086, 1.1121748000150546, 0.6082654000201728, 0.9205056999926455, 0.471855499985395, 0.9205122000130359, 0.48015400001895614, 0.8317707999958657, None, None]",None,980.3045932000095,980.3049981000077,980.3094444000162,981.3322107999993,981.3322107999993,981.3322107999993,981.813395300007,982.1477137000184,space,0.3305191000108607,None,,01,001,German,Left,2026-09-07_16h41.11.939,CRFT,,2025.1.1,59.91873821277205,2026-09-07 16h41.25.749347 +0200,1,
German,,11,1,2,,,,,,,,,,,,,,,,,,,,,2,space,0.26941969999461435,None,[],[],[],[],[],[],[],[],"['space', 'space', 'space', 'space', 'space', 'space', 'space', 'space', 'space', 'space', 'space']","[0.26862819999223575, 0.9241307000047527, 1.4689947000006214, 2.2283202999969944, 2.780794899998, 3.532213300000876, 4.116399399994407, 4.948323699994944, 5.540439100004733, 6.332003200019244, 6.811864599992987]","[0.7276734000188299, 0.6245650000055321, 0.8717055000015534, 0.6479415000067092, 0.8554146999958903, 0.6480464999913238, 0.9284518000204116, 0.6725699000235181, 0.855451700015692, None, None]",None,space,1.2103333999984898,None,,,,,,,,,3,0,3,0,,,,,,,,,2,1,11,2,982.1634218000108,,"[0.01176, 0.02353, 0.05, 0.1, 0.20588]",,,,,,,,,,,,,,,,,,,,,,,,,,,,,,,,,,,,,,,,,,,,,,,,,,,,,,,,,,,,,,,,,,,,,,,,,,,,,,,,,982.1484955000051,982.1634218000108,982.1634218000108,982.1634218000108,982.1634218000108,982.4492005000066,space,0.26941969999461435,None,982.4519140000048,982.4893443000037,982.4893443000037,982.4893443000037,982.4893443000037,982.4893443000037,982.4893443000037,982.4893443000037,982.4893443000037,983.4646896000195,983.5272258000041,984.4848760000023,984.4848760000023,985.4515051000053,985.453145300009,985.4755072999978,985.4755072999978,985.4755072999978,985.4755072999978,985.4755072999978,985.4755072999978,0.0016539000207558274,985.4755072999978,0.0016539000207558274,985.4755072999978,992.3168003000028,[],nan,6.543,"[0.655502500012517, 0.7593255999963731, 0.7514184000028763, 0.8319243000005372, 0.7915641000145115]",nan,0,11,[],[],[],[],[],[],[],[],"['space', 'space', 'space', 'space', 'space', 'space', 'space', 'space', 'space', 'space', 'space']","[0.26862819999223575, 0.9241307000047527, 1.4689947000006214, 2.2283202999969944, 2.780794899998, 3.532213300000876, 4.116399399994407, 4.948323699994944, 5.540439100004733, 6.332003200019244, 6.811864599992987]","[0.7276734000188299, 0.6245650000055321, 0.8717055000015534, 0.6479415000067092, 0.8554146999958903, 0.6480464999913238, 0.9284518000204116, 0.6725699000235181, 0.855451700015692, None, None]",None,992.317114400008,992.3174457999994,992.3206812000135,993.3476649000077,993.3476649000077,993.3476649000077,993.8301067000139,995.0476046999975,space,1.2103333999984898,None,,01,001,German,Left,2026-09-07_16h41.11.939,CRFT,,2025.1.1,59.91873821277205,2026-09-07 16h41.25.749347 +0200,1,
German,,12,2,2,,,,,,,,,,,,,,,,,,,,,1,space,0.329198700026609,None,[],[],[],[],[],[],[],[],"['space', 'space', 'space', 'space', 'space', 'space', 'space', 'space', 'space', 'space', 'space']","[0.23797080002259463, 1.1336472000111826, 1.6380538000084925, 2.68555059999926, 3.3178455000161193, 4.501451200019801, 5.093716000003042, 6.270126400020672, 6.830370100011351, 7.861386100004893, 8.285733800003072]","[1.04783139997744, 0.6802975999889895, 1.2400532999890856, 0.7849403000145685, 1.3519962999853306, 0.7284478999790736, 1.312273899995489, 0.7113123000017367, 1.15916159999324, None, None]",None,space,0.2884881000209134,None,,,,,,,,,3,0,3,0,,,,,,,,,2,2,12,1,995.0634992000123,,"[0.01176, 0.02353, 0.05, 0.1, 0.20588]",,,,,,,,,,,,,,,,,,,,,,,,,,,,,,,,,,,,,,,,,,,,,,,,,,,,,,,,,,,,,,,,,,,,,,,,,,,,,,,,,995.0483791000152,995.0634992000123,995.0634992000123,995.0634992000123,995.0634992000123,995.4011145000113,space,0.329198700026609,None,995.4046084000147,995.4426583000168,995.4426583000168,995.4426583000168,995.4426583000168,995.4426583000168,995.4426583000168,995.4426583000168,995.4426583000168,996.4351674999925,996.4632558000158,997.4319702000066,997.4608563999936,998.4114562000032,998.41311210001,998.4340288999956,998.4340288999956,998.4340288999956,998.4340288999956,998.4340288999956,998.4340288999956,0.0016676999803166837,998.4340288999956,0.0016676999803166837,998.4340288999956,1006.750531800004,[],nan,8.048,"[0.895676399988588, 1.0474967999907676, 1.1836057000036817, 1.1764104000176303, 1.0310159999935422]",nan,0,11,[],[],[],[],[],[],[],[],"['space', 'space', 'space', 'space', 'space', 'space', 'space', 'space', 'space', 'space', 'space']","[0.23797080002259463, 1.1336472000111826, 1.6380538000084925, 2.68555059999926, 3.3178455000161193, 4.501451200019801, 5.093716000003042, 6.270126400020672, 6.830370100011351, 7.861386100004893, 8.285733800003072]","[1.04783139997744, 0.6802975999889895, 1.2400532999890856, 0.7849403000145685, 1.3519962999853306, 0.7284478999790736, 1.312273899995489, 0.7113123000017367, 1.15916159999324, None, None]",None,1006.7508733000141,1006.7511895000061,1006.7545959000126,1007.7787252000126,1007.7787252000126,1007.7787252000126,1008.2636860000202,1008.5647654000204,space,0.2884881000209134,None,,01,001,German,Left,2026-09-07_16h41.11.939,CRFT,,2025.1.1,59.91873821277205,2026-09-07 16h41.25.749347 +0200,1,
German,,13,3,2,,,,,,,,,,,,,,,,,,,,,3,space,0.39570230001118034,None,[],[],[],[],[],[],[],[],"['space', 'space', 'space', 'space', 'space', 'space', 'space', 'space', 'space', 'space', 'space']","[0.28725789999589324, 0.7039458999934141, 1.1434589000127744, 1.5599389999988489, 1.9362944000167772, 2.3592592000204604, 2.7114128000102937, 3.0724317000131123, 3.4873425000114366, 3.8081947000173386, 4.1117522999993525]","[0.5449846000119578, 0.5435039000003599, 0.5208563999913167, 0.4956677000154741, 0.5109208999783732, 0.4881701999984216, 0.49660539999604225, 0.5115752999845427, 0.47227649998967536, None, None]",None,space,0.30306489998474717,None,,,,,,,,,3,0,3,0,,,,,,,,,2,3,13,3,1008.5802744000102,,"[0.01176, 0.02353, 0.05, 0.1, 0.20588]",,,,,,,,,,,,,,,,,,,,,,,,,,,,,,,,,,,,,,,,,,,,,,,,,,,,,,,,,,,,,,,,,,,,,,,,,,,,,,,,,1008.5654574999935,1008.5802744000102,1008.5802744000102,1008.5802744000102,1008.5802744000102,1008.9842694000108,space,0.39570230001118034,None,1008.9878855000134,1009.0251437000115,1009.0251437000115,1009.0251437000115,1009.0251437000115,1009.0251437000115,1009.0251437000115,1009.0251437000115,1009.0251437000115,1010.010425000015,1010.0352080000157,1010.9960384000151,1011.0215315000096,1011.9822930000082,1011.9841540000052,1012.0081627000181,1012.0081627000181,1012.0081627000181,1012.0081627000181,1012.0081627000181,1012.0081627000181,0.0018768000009004027,1012.0081627000181,0.0018768000009004027,1012.0081627000181,1016.1435803000059,[],nan,3.824,"[0.4166879999975208, 0.4164800999860745, 0.4229648000036832, 0.36101890000281855, 0.320852200005902]",nan,0,11,[],[],[],[],[],[],[],[],"['space', 'space', 'space', 'space', 'space', 'space', 'space', 'space', 'space', 'space', 'space']","[0.28725789999589324, 0.7039458999934141, 1.1434589000127744, 1.5599389999988489, 1.9362944000167772, 2.3592592000204604, 2.7114128000102937, 3.0724317000131123, 3.4873425000114366, 3.8081947000173386, 4.1117522999993525]","[0.5449846000119578, 0.5435039000003599, 0.5208563999913167, 0.4956677000154741, 0.5109208999783732, 0.4881701999984216, 0.49660539999604225, 0.5115752999845427, 0.47227649998967536, None, None]",None,1016.1439191999962,1016.1442478999961,1016.1476840999967,1017.174225099996,1017.174225099996,1017.174225099996,1017.6564163000148,1017.9740313999937,space,0.30306489998474717,None,,01,001,German,Left,2026-09-07_16h41.11.939,CRFT,,2025.1.1,59.91873821277205,2026-09-07 16h41.25.749347 +0200,1,
German,,14,4,2,,,,,,,,,,,,,,,,,,,,,4,space,0.1542543000250589,None,[],[],[],[],[],[],[],[],"['space', 'space', 'space', 'space', 'space', 'space', 'space', 'space', 'space', 'space', 'space']","[0.4046560999995563, 0.6847347000148147, 0.9325697000022046, 1.1650676999997813, 1.396605100017041, 1.6608844000147656, 1.9083567000052426, 2.1561920999956783, 2.3973174999991897, 2.6523195000190753, 2.9330014000006486]","[0.3838518999982625, 0.36770059997797944, 0.3438497000024654, 0.3841336000186857, 0.40016389999073, 0.38362659999984317, 0.36792119999881834, 0.3769820000161417, 0.3758832000021357, None, None]",None,space,0.342640399991069,None,,,,,,,,,3,0,3,0,,,,,,,,,2,4,14,4,1017.9898534000095,,"[0.01176, 0.02353, 0.05, 0.1, 0.20588]",,,,,,,,,,,,,,,,,,,,,,,,,,,,,,,,,,,,,,,,,,,,,,,,,,,,,,,,,,,,,,,,,,,,,,,,,,,,,,,,,1017.9749105999945,1017.9898534000095,1017.9898534000095,1017.9898534000095,1017.9898534000095,1018.1585886999965,space,0.1542543000250589,None,1018.1608672000002,1018.1986534000025,1018.1986534000025,1018.1986534000025,1018.1986534000025,1018.1986534000025,1018.1986534000025,1018.1986534000025,1018.1986534000025,1019.1858791999985,1019.2207406999951,1020.1891924999945,1020.2196211999981,1021.1678023000131,1021.1698149000003,1021.1952004000195,1021.1952004000195,1021.1952004000195,1021.1952004000195,1021.1952004000195,1021.1952004000195,0.0020296000002417713,1021.1952004000195,0.0020296000002417713,1021.1952004000195,1024.1650181000005,[],nan,2.528,"[0.2800786000152584, 0.2324979999975767, 0.2642792999977246, 0.2478353999904357, 0.2550020000198856]",nan,0,11,[],[],[],[],[],[],[],[],"['space', 'space', 'space', 'space', 'space', 'space', 'space', 'space', 'space', 'space', 'space']","[0.4046560999995563, 0.6847347000148147, 0.9325697000022046, 1.1650676999997813, 1.396605100017041, 1.6608844000147656, 1.9083567000052426, 2.1561920999956783, 2.3973174999991897, 2.6523195000190753, 2.9330014000006486]","[0.3838518999982625, 0.36770059997797944, 0.3438497000024654, 0.3841336000186857, 0.40016389999073, 0.38362659999984317, 0.36792119999881834, 0.3769820000161417, 0.3758832000021357, None, None]",None,1024.1654787000152,1024.165931800002,1024.1705794000009,1025.1905421999982,1025.1905421999982,1025.1905421999982,1025.6732415000151,1026.034289000003,space,0.342640399991069,None,,01,001,German,Left,2026-09-07_16h41.11.939,CRFT,,2025.1.1,59.91873821277205,2026-09-07 16h41.25.749347 +0200,1,
German,,15,0,3,,,,,,,,,,,,,,,,,,,,,1,space,0.35629890000564046,None,[],[],[],[],[],[],[],[],"['space', 'space', 'space', 'space', 'space', 'space', 'space', 'space', 'space', 'space', 'space']","[0.22679810001864098, 1.2180260000168346, 1.9862846000178251, 2.7939581000246108, 3.345847300020978, 4.074948900000891, 4.642264100024477, 5.25093150002067, 5.7385609000048134, 6.5146584000031, 6.97779270002502]","[1.1115086000063457, 0.9040413000038825, 0.9443706999882124, 0.6645360999973491, 0.8326230999955442, 0.7030309000110719, 0.7527997999859508, 0.6394644999818411, 0.8960554000223055, None, None]",None,space,0.012465300009353086,None,,,,,,,,,3,0,3,0,,,,,,,,,3,0,15,1,1026.0446618999995,,"[0.01176, 0.02353, 0.05, 0.1, 0.20588]",,,,,,,,,,,,,,,,,,,,,,,,,,,,,,,,,,,,,,,,,,,,,,,,,,,,,,,,,,,,,,,,,,,,,,,,,,,,,,,,,1026.0356162000098,1026.0446618999995,1026.0446618999995,1026.0446618999995,1026.0446618999995,1026.4103021000046,space,0.35629890000564046,None,1026.4138775000174,1026.4510715999932,1026.4510715999932,1026.4510715999932,1026.4510715999932,1026.4510715999932,1026.4510715999932,1026.4510715999932,1026.4510715999932,1027.427967399999,1027.491074599995,1028.4392742000055,1028.4705762999947,1029.4088349000085,1029.411400700017,1029.4295671000145,1029.4295671000145,1029.4295671000145,1029.4295671000145,1029.4295671000145,1029.4295671000145,0.002576200000476092,1029.4295671000145,0.002576200000476092,1029.4295671000145,1036.4261591999966,[],nan,6.751,"[0.9912278999981936, 0.8076735000067856, 0.7291015999799129, 0.6086673999961931, 0.7760974999982864]",nan,0,11,[],[],[],[],[],[],[],[],"['space', 'space', 'space', 'space', 'space', 'space', 'space', 'space', 'space', 'space', 'space']","[0.22679810001864098, 1.2180260000168346, 1.9862846000178251, 2.7939581000246108, 3.345847300020978, 4.074948900000891, 4.642264100024477, 5.25093150002067, 5.7385609000048134, 6.5146584000031, 6.97779270002502]","[1.1115086000063457, 0.9040413000038825, 0.9443706999882124, 0.6645360999973491, 0.8326230999955442, 0.7030309000110719, 0.7527997999859508, 0.6394644999818411, 0.8960554000223055, None, None]",None,1036.4264309999999,1036.426698700001,1036.4293901000055,1037.4548496000061,1037.4548496000061,1037.4548496000061,1037.9398994999938,1037.9580353000201,space,0.012465300009353086,None,,01,001,German,Left,2026-09-07_16h41.11.939,CRFT,,2025.1.1,59.91873821277205,2026-09-07 16h41.25.749347 +0200,1,
German,,16,1,3,,,,,,,,,,,,,,,,,,,,,3,space,0.4111034999950789,None,[],[],[],[],[],[],[],[],"['space', 'space', 'space', 'space', 'space', 'space', 'space', 'space', 'space', 'space', 'space']","[0.3305951000074856, 0.8588498000171967, 1.2993045000184793, 1.7632353999943007, 2.1710743000148796, 2.634463299997151, 3.01853659999324, 3.37866370001575, 3.8274366999976337, 4.178545100003248, 4.5230372000078205]","[0.6801292999880388, 0.5926798000000417, 0.6157917999953497, 0.5758613000216428, 0.5760084000066854, 0.5049571999988984, 0.5130924000113737, 0.5679281000047922, 0.47176490002311766, None, None]",None,space,0.7654424000065774,None,,,,,,,,,3,0,3,0,,,,,,,,,3,1,16,3,1037.9735283000045,,"[0.01176, 0.02353, 0.05, 0.1, 0.20588]",,,,,,,,,,,,,,,,,,,,,,,,,,,,,,,,,,,,,,,,,,,,,,,,,,,,,,,,,,,,,,,,,,,,,,,,,,,,,,,,,1037.9590673000203,1037.9735283000045,1037.9735283000045,1037.9735283000045,1037.9735283000045,1038.3917849000136,space,0.4111034999950789,None,1038.3934691000031,1038.421963300003,1038.421963300003,1038.421963300003,1038.421963300003,1038.421963300003,1038.421963300003,1038.421963300003,1038.421963300003,1039.4069630000158,1039.4322175999987,1040.4259922000056,1040.4259922000056,1041.407902100007,1041.4093952999974,1041.4288869000156,1041.4288869000156,1041.4288869000156,1041.4288869000156,1041.4288869000156,1041.4288869000156,0.0015013999945949763,1041.4288869000156,0.0015013999945949763,1041.4288869000156,1045.9775279000169,[],nan,4.192,"[0.5282547000097111, 0.4639308999758214, 0.46338899998227134, 0.3601271000225097, 0.3511084000056144]",nan,0,11,[],[],[],[],[],[],[],[],"['space', 'space', 'space', 'space', 'space', 'space', 'space', 'space', 'space', 'space', 'space']","[0.3305951000074856, 0.8588498000171967, 1.2993045000184793, 1.7632353999943007, 2.1710743000148796, 2.634463299997151, 3.01853659999324, 3.37866370001575, 3.8274366999976337, 4.178545100003248, 4.5230372000078205]","[0.6801292999880388, 0.5926798000000417, 0.6157917999953497, 0.5758613000216428, 0.5760084000066854, 0.5049571999988984, 0.5130924000113737, 0.5679281000047922, 0.47176490002311766, None, None]",None,1045.9778914000199,1045.9782594999997,1045.9819567000086,1047.005164800008,1047.005164800008,1047.005164800008,1047.4901348999992,1048.2581399000192,space,0.7654424000065774,None,,01,001,German,Left,2026-09-07_16h41.11.939,CRFT,,2025.1.1,59.91873821277205,2026-09-07 16h41.25.749347 +0200,1,
German,,17,2,3,,,,,,,,,,,,,,,,,,,,,2,space,0.1502879000036046,None,[],[],[],[],[],[],[],[],"['space', 'space', 'space', 'space', 'space', 'space', 'space', 'space', 'space', 'space', 'space']","[0.39287109998986125, 0.975877799995942, 1.3685270999849308, 1.8091763000120409, 2.3442796999879647, 3.024378700007219, 3.536520299996482, 4.113030500011519, 4.60920070001157, 5.168325700011337, 5.520593399996869]","[0.6799125999968965, 0.4801682000106666, 0.5279522000055294, 0.6314169999968726, 0.7916714000166394, 0.5839530999946874, 0.6394863000023179, 0.5669291999947745, 0.6308463999885134, None, None]",None,space,0.38063580001471564,None,,,,,,,,,3,0,3,0,,,,,,,,,3,2,17,2,1048.273495500005,,"[0.01176, 0.02353, 0.05, 0.1, 0.20588]",,,,,,,,,,,,,,,,,,,,,,,,,,,,,,,,,,,,,,,,,,,,,,,,,,,,,,,,,,,,,,,,,,,,,,,,,,,,,,,,,1048.2590841000201,1048.273495500005,1048.273495500005,1048.273495500005,1048.273495500005,1048.4282021000108,space,0.1502879000036046,None,1048.4317026000062,1048.4662357000052,1048.4662357000052,1048.4662357000052,1048.4662357000052,1048.4662357000052,1048.4662357000052,1048.4662357000052,1048.4662357000052,1049.4467677999928,1049.5005365000106,1050.4537375000073,1050.482854700007,1051.4287506999972,1051.430982699996,1051.4555435999937,1051.4555435999937,1051.4555435999937,1051.4555435999937,1051.4555435999937,1051.4555435999937,0.002230999991297722,1051.4555435999937,0.002230999991297722,1051.4555435999937,1056.9943112000183,[],nan,5.128,"[0.5830067000060808, 0.44064920002711006, 0.6800990000192542, 0.5765102000150364, 0.5591249999997672]",nan,0,11,[],[],[],[],[],[],[],[],"['space', 'space', 'space', 'space', 'space', 'space', 'space', 'space', 'space', 'space', 'space']","[0.39287109998986125, 0.975877799995942, 1.3685270999849308, 1.8091763000120409, 2.3442796999879647, 3.024378700007219, 3.536520299996482, 4.113030500011519, 4.60920070001157, 5.168325700011337, 5.520593399996869]","[0.6799125999968965, 0.4801682000106666, 0.5279522000055294, 0.6314169999968726, 0.7916714000166394, 0.5839530999946874, 0.6394863000023179, 0.5669291999947745, 0.6308463999885134, None, None]",None,1056.9946315000125,1056.994913500006,1056.9980387999967,1058.0231708000065,1058.0231708000065,1058.0231708000065,1058.507168400014,1058.8913662999985,space,0.38063580001471564,None,,01,001,German,Left,2026-09-07_16h41.11.939,CRFT,,2025.1.1,59.91873821277205,2026-09-07 16h41.25.749347 +0200,1,
German,,18,3,3,,,,,,,,,,,,,,,,,,,,,4,space,0.29420129998470657,None,[],[],[],[],[],[],[],[],"['space', 'space', 'space', 'space', 'space', 'space', 'space', 'space', 'space', 'space', 'space']","[0.3696899000206031, 0.6577491000061855, 0.9779975000128616, 1.1935752000135835, 1.4652248000202235, 1.7380858000251465, 2.0099947999988217, 2.273248900019098, 2.537281000026269, 2.778283300023759, 3.018006099999184]","[0.37646050000330433, 0.4079370000108611, 0.33539809999638237, 0.3521787000063341, 0.38401039998279884, 0.35222309999517165, 0.3517359000106808, 0.35309950000373647, 0.34473429998615757, None, None]",None,space,0.6314240000210702,None,,,,,,,,,3,0,3,0,,,,,,,,,3,3,18,4,1058.9069294999936,,"[0.01176, 0.02353, 0.05, 0.1, 0.20588]",,,,,,,,,,,,,,,,,,,,,,,,,,,,,,,,,,,,,,,,,,,,,,,,,,,,,,,,,,,,,,,,,,,,,,,,,,,,,,,,,1058.8921685999958,1058.9069294999936,1058.9069294999936,1058.9069294999936,1058.9069294999936,1059.2095266999968,space,0.29420129998470657,None,1059.21181790001,1059.2454157000175,1059.2454157000175,1059.2454157000175,1059.2454157000175,1059.2454157000175,1059.2454157000175,1059.2454157000175,1059.2454157000175,1060.2348095000198,1060.2636190000048,1061.2356803000148,1061.2718444000056,1062.2088893000036,1062.2105280999967,1062.2301036000135,1062.2301036000135,1062.2301036000135,1062.2301036000135,1062.2301036000135,1062.2301036000135,0.0016484000079799443,1062.2301036000135,0.0016484000079799443,1062.2301036000135,1065.282538200001,[],nan,2.648,"[0.2880591999855824, 0.21557770000072196, 0.27286100000492297, 0.2632541000202764, 0.2410022999974899]",nan,0,11,[],[],[],[],[],[],[],[],"['space', 'space', 'space', 'space', 'space', 'space', 'space', 'space', 'space', 'space', 'space']","[0.3696899000206031, 0.6577491000061855, 0.9779975000128616, 1.1935752000135835, 1.4652248000202235, 1.7380858000251465, 2.0099947999988217, 2.273248900019098, 2.537281000026269, 2.778283300023759, 3.018006099999184]","[0.37646050000330433, 0.4079370000108611, 0.33539809999638237, 0.3521787000063341, 0.38401039998279884, 0.35222309999517165, 0.3517359000106808, 0.35309950000373647, 0.34473429998615757, None, None]",None,1065.2829474000027,1065.2834001000156,1065.2875974000199,1066.3055738999974,1066.3055738999974,1066.3055738999974,1066.7920196000196,1067.425389400014,space,0.6314240000210702,None,,01,001,German,Left,2026-09-07_16h41.11.939,CRFT,,2025.1.1,59.91873821277205,2026-09-07 16h41.25.749347 +0200,1,
German,,19,4,3,,,,,,,,,,,,,,,,,,,,,0,space,0.37609609999344684,None,[],[],[],[],[],[],[],[],"['space', 'space', 'space', 'space', 'space', 'space', 'space', 'space', 'space', 'space', 'space']","[0.6258558999979869, 1.4498149999999441, 1.9772899000090547, 2.978036999993492, 3.4258371999894734, 4.258194499998353, 4.7140752999985125, 5.48228399999789, 5.905525899986969, 6.633382300002268, 7.058223400003044]","[0.943637199990917, 0.6485802999814041, 1.1200861999823246, 0.5680231000005733, 0.9524260000034701, 0.5596118000103161, 0.9041311999899335, 0.5358224000083283, 0.8639038999972399, None, None]",None,space,0.5830304000119213,None,,,,,,,,,3,0,3,0,,,,,,,,,3,4,19,0,1067.4405486000178,,"[0.01176, 0.02353, 0.05, 0.1, 0.20588]",,,,,,,,,,,,,,,,,,,,,,,,,,,,,,,,,,,,,,,,,,,,,,,,,,,,,,,,,,,,,,,,,,,,,,,,,,,,,,,,,1067.426466200006,1067.4405486000178,1067.4405486000178,1067.4405486000178,1067.4405486000178,1067.827683600015,space,0.37609609999344684,None,1067.8311676000012,1067.8688454999938,1067.8688454999938,1067.8688454999938,1067.8688454999938,1067.8688454999938,1067.8688454999938,1067.8688454999938,1067.8688454999938,1068.8362160999968,1068.8842907999933,1069.8658097000152,1069.8658097000152,1070.8380424000206,1070.8404144000087,1070.8621002,1070.8621002,1070.8621002,1070.8621002,1070.8621002,1070.8621002,0.002389700006460771,1070.8621002,0.002389700006460771,1070.8621002,1077.9543283999956,[],nan,6.432,"[0.8239591000019573, 1.0007470999844372, 0.83235730000888, 0.7682086999993771, 0.7278564000152983]",nan,0,11,[],[],[],[],[],[],[],[],"['space', 'space', 'space', 'space', 'space', 'space', 'space', 'space', 'space', 'space', 'space']","[0.6258558999979869, 1.4498149999999441, 1.9772899000090547, 2.978036999993492, 3.4258371999894734, 4.258194499998353, 4.7140752999985125, 5.48228399999789, 5.905525899986969, 6.633382300002268, 7.058223400003044]","[0.943637199990917, 0.6485802999814041, 1.1200861999823246, 0.5680231000005733, 0.9524260000034701, 0.5596118000103161, 0.9041311999899335, 0.5358224000083283, 0.8639038999972399, None, None]",None,1077.954800300009,1077.955302699993,1077.960275599995,1078.9713477000187,1078.9713477000187,1078.9713477000187,1079.4572701000143,1080.0417965000088,space,0.5830304000119213,None,,01,001,German,Left,2026-09-07_16h41.11.939,CRFT,,2025.1.1,59.91873821277205,2026-09-07 16h41.25.749347 +0200,1,
